Workbook

Sheet Status
A1: generated_utc | B1: coverage_end | C1: last_complete_year | D1: frozen_history_end | E1: charts_built_for_year | F1: expected_refresh_days | G1: w1 | H1: w2 | I1: w3 | J1: w4 | K1: w5 | L1: w6 | M1: w7 | N1: w8 | O1: health_state | P1: health_note | Q1: health_tabs
A2: NOT REFRESHED | B2: NOT REFRESHED | C2: 2025 | D2: 2025 | E2: 2025 | F2: 10 | G2: 2019 | H2: 2020 | I2: 2021 | J2: 2022 | K2: 2023 | L2: 2024 | M2: 2025 | N2: 2026 | O2: ok
A4: Power Price Data
A5: European hourly power prices — Germany, Spain, Portugal, France, Italy. Source: ENTSO-E Transparency Platform.
A7: =IF(ISERROR(DATEVALUE(LEFT($A$2,10))),"!! NOT REFRESHED - this file is showing built-in preview data, not live data. Close it, re-open, and choose Enable Content when Excel asks about data connections. If that does not fix it, the network is blocking GitHub.","")
A8: =IF(IFERROR(AND(ISNUMBER($F$2),(TODAY()-DATEVALUE(LEFT($A$2,10)))>$F$2),FALSE),"!! STALE DATA - the refresh has not run for "&TEXT(TODAY()-DATEVALUE(LEFT($A$2,10)),"0")&" days. Figures may be out of date.","")
A9: =IF(($O$2="stale-series"),"!! ONE SERIES CAME FROM STORED DATA - "&$P$2&". Every other figure here is current, and a repair run replaces it within hours."&IF($Q$2<>""," Read these tabs with care until it does: "&$Q$2&".",""),"")
A10: =IF(OR(IFERROR(AND(ISNUMBER($F$2),(TODAY()-DATEVALUE(LEFT($A$2,10)))>$F$2),FALSE),($O$2="stale-series")),"ACTION: nothing is wrong with this file, and the figures above are the last ones published. Open "&$A$42&" and press Start a refresh. That needs no repository access and no special software. The next automatic attempt is "&TEXT(IF(DAY(TODAY())<2,DATE(YEAR(TODAY()),MONTH(TODAY()),2),IF(DAY(TODAY())<10,DATE(YEAR(TODAY()),MONTH(TODAY()),10),IF(DAY(TODAY())<18,DATE(YEAR(TODAY()),MONTH(TODAY()),18),IF(DAY(TODAY())<26,DATE(YEAR(TODAY()),MONTH(TODAY()),26),DATE(YEAR(TODAY()),MONTH(TODAY())+1,2))))),"d mmm")&".","")
A11: =IF(ISERROR(DATEVALUE(LEFT($A$2,10))),"Last refreshed: UNKNOWN - not refreshed yet this session.","Last refreshed "&LEFT($A$2,10)&" ("&TEXT(TODAY()-DATEVALUE(LEFT($A$2,10)),"0")&" days ago). Data through "&$B$2&".")
A12: =IF(OR(ISERROR(DATEVALUE(LEFT($A$2,10))),IFERROR(AND(ISNUMBER($F$2),(TODAY()-DATEVALUE(LEFT($A$2,10)))>$F$2),FALSE),($O$2="stale-series")),"","OK - data is current and the charts are up to date.")
A13: ="The next automatic refresh is due "&TEXT(IF(DAY(TODAY())<2,DATE(YEAR(TODAY()),MONTH(TODAY()),2),IF(DAY(TODAY())<10,DATE(YEAR(TODAY()),MONTH(TODAY()),10),IF(DAY(TODAY())<18,DATE(YEAR(TODAY()),MONTH(TODAY()),18),IF(DAY(TODAY())<26,DATE(YEAR(TODAY()),MONTH(TODAY()),26),DATE(YEAR(TODAY()),MONTH(TODAY())+1,2))))),"dddd d mmmm")&" (the 2nd, 10th, 18th and 26th of each month)."
A14: THIS FILE
A15: Pulled live data | B15: =IF(ISERROR(DATEVALUE(LEFT($A$2,10))),"NO - showing built-in preview data","YES - pulled when you opened this file")
A16: How it updates | B16: Automatically, on open. Nothing to press.
A18: THE DATA
A19: Published | B19: =IF(ISERROR(DATEVALUE(LEFT($A$2,10))),"unknown",LEFT($A$2,10)&" ("&TEXT(TODAY()-DATEVALUE(LEFT($A$2,10)),"0")&" days ago)")
A20: Prices run to | B20: =$B$2
A21: Next published | B21: =TEXT(IF(DAY(TODAY())<2,DATE(YEAR(TODAY()),MONTH(TODAY()),2),IF(DAY(TODAY())<10,DATE(YEAR(TODAY()),MONTH(TODAY()),10),IF(DAY(TODAY())<18,DATE(YEAR(TODAY()),MONTH(TODAY()),18),IF(DAY(TODAY())<26,DATE(YEAR(TODAY()),MONTH(TODAY()),26),DATE(YEAR(TODAY()),MONTH(TODAY())+1,2))))),"d mmm yyyy")
A22: Warn if none for | B22: =$F$2&" days"
A24: REFERENCE
A25: Last complete year | B25: =$C$2
A26: Chart year window | B26: =$G$2&" to "&$M$2
A27: Frozen history ends | B27: =$D$2
A29: WHAT YOU NEED TO DO
A30: NOTHING — not monthly, not yearly, not ever.
A31: The data refreshes itself every time you open this file.
A32: A job re-publishes it on the 2nd, 10th, 18th and 26th.
A33: You never need to download a replacement for this workbook.
A35: WHEN A NEW CALENDAR YEAR STARTS — still nothing.
A36: Every chart here rolls forward on its own. In January the newly
A37: completed year appears by itself, and the oldest drops off, so each
A38: exhibit always shows the same span of recent years.
A39: This is the one thing that used to need a person, and no longer does.
A41: Check that the data is current, or look at the source figures:
A42: https://power-price-data.fredhill.workers.dev
... A50: typed there is overwritten on the next refresh.
A52: Tab | B52: Loads from
A53: Fig1_PriceSD | B53: https://raw.githubusercontent.com/Power-Utilities-team/power-price-data/main/published/charts/fig1_price_sd.csv
A54: Fig2_Intraday | B54: https://raw.githubusercontent.com/Power-Utilities-team/power-price-data/main/published/charts/fig2_intraday_indexed.csv
A55: Fig3_NegHours | B55: https://raw.githubusercontent.com/Power-Utilities-team/power-price-data/main/published/charts/fig3_neg_hours_annual.csv
A56: Fig3_CumNeg | B56: https://raw.githubusercontent.com/Power-Utilities-team/power-price-data/main/published/charts/fig3_cum_near_neg.csv
A57: Fig4_Duration | B57: https://raw.githubusercontent.com/Power-Utilities-team/power-price-data/main/published/charts/fig4_duration_curve.csv
A58: Fig5_Capture | B58: https://raw.githubusercontent.com/Power-Utilities-team/power-price-data/main/published/charts/fig5_capture_pct.csv
A59: Fig6_MinMax | B59: https://raw.githubusercontent.com/Power-Utilities-team/power-price-data/main/published/charts/fig6_daily_minmax.csv
A60: Fig7_GenMix | B60: https://raw.githubusercontent.com/Power-Utilities-team/power-price-data/main/published/charts/fig7_gen_mix.csv
A61: Fig9_Capacity | B61: https://raw.githubusercontent.com/Power-Utilities-team/power-price-data/main/published/charts/fig9_capacity.csv
A62: Fig2_Intraday_avg | B62: https://raw.githubusercontent.com/Power-Utilities-team/power-price-data/main/published/charts/fig2_intraday_avg.csv
A63: Fig5_Capture_abs | B63: https://raw.githubusercontent.com/Power-Utilities-team/power-price-data/main/published/charts/fig5_capture_abs.csv
... A76: Status | B76: https://raw.githubusercontent.com/Power-Utilities-team/power-price-data/main/published/charts/status.csv
A78: SHEET AND COLUMN NAMING - what the names mean
A79: Charts | B79: Every chart in the workbook, laid out with a caption above each one. The tabs below hold the data those charts read; nothing on them needs editing by hand
A80: Fig1_PriceSD | B80: Annual standard deviation of hourly day-ahead price (deck Fig 1)
A81: Fig2_Intraday / Fig2_Intraday_avg | B81: Intraday price shape by year - indexed to daily mean / absolute EUR/MWh (Fig 2)
A82: Fig3_NegHours / Fig3_CumNeg | B82: Negative-price hours per year / cumulative near-negative hours through the year (Fig 3)
A83: Fig4_Duration | B83: Price duration curves by year (Fig 4)
A84: Fig5_Capture / Fig5_Capture_abs | B84: Capture price vs baseload by technology - % vs base / absolute EUR/MWh (Fig 5)
A85: Fig6_MinMax | B85: Daily min/max price, latest complete year (Fig 6)
A86: Fig7_GenMix | B86: Intraday generation mix by technology, for every market. The deck's Fig 7 and the workbook chart both plot PORTUGAL; the other markets are loaded but not charted
A87: Fig9_Capacity | B87: Installed generation capacity by technology (Fig 9)
A88: A_MonthPrice / B_Penetration / C_CaptureErosion / D_NetloadDuck | B88: Monthly market-state exhibits: baseload price by market / wind+solar penetration / DE capture erosion / DE net-load duck
A89: G1_SolarPeak / G2_MonthDuck | B89: Solar share of the peak-price hour / Germany price-by-month duck curves
A90: CaptureMonthly / CaptureMonthlyExtra | B90: Monthly capture price per country and technology. Two tabs because CaptureMonthly's table is fixed at the original five countries; later markets load to the Extra tab
... A98: Hydro zone codes | B98: FR ES PT IT NO SE FI AT CH. DEpump/GBpump are pumped-storage generation, NOT reservoir level: Germany and Great Britain publish no reservoir series
A100: WHERE EACH COUNTRY'S DATA COMES FROM
A101: DE, ES, PT, FR, IT | B101: ENTSO-E Transparency Platform, day-ahead auction prices.
A102: GB (Great Britain, excluding Northern Ireland) | B102: Elexon Insights (generation, load), ECB (GBP/EUR), DESNZ DUKES 5.12.A (capacity). Great Britain stopped publishing to ENTSO-E on 15 June 2021 under the post-Brexit Trade and Cooperation Agreement.
A103: GB price basis - READ THIS BEFORE COMPARING | B103: The GB price is the Elexon market index (APX): a within-day index near gate closure, NOT a day-ahead auction like the other five. N2EX, the true GB day-ahead benchmark, is not available without a paid subscription.
A104: GB known gap | B104: Elexon's generation-by-type series is ~87% complete for 2022 (86 days absent at source). Every other GB year is 94% or better.
A105: Hydro reservoir | B105: ENTSO-E weekly water reservoirs and hydro storage (A72).
A107: PLANNED ADDITIONS - not built yet
A108: Hydrogen (via ENTSO-E) | B108: all relevant metrics and charts
A109: Battery data | B109: all relevant metrics and charts
A110: Battery + solar combined | B110: all relevant metrics and charts (as in the original volatility capture charts)

Sheet Charts
A1: Fig 1 — Price volatility: annual standard deviation of hourly day-ahead price (€/MWh) | L1: Fig 2 — Intraday price shape by year, indexed to daily mean = 1 (Germany)
A21: Fig 3 — Negative-price hours per year, by country | L21: Fig 3 — Cumulative near-negative-price hours through the year (Germany)
A41: Fig 4 — Price duration curves by year (Portugal) | L41: Fig 5 — Capture price vs baseload by technology (Germany)
A61: ="Fig 6 — Daily minimum vs maximum price (Germany, "&Status!$C$2&")" -> Fig 6 — Daily minimum vs maximum price (Germany, 2025) | L61: ="Fig 7 — Intraday generation mix and price (Portugal, "&Status!$C$2&")" -> Fig 7 — Intraday generation mix and price (Portugal, 2025)
A81: Fig 9 — Installed generation capacity by technology (Germany)
L81: Spain — intraday price shape, indexed to daily mean
A101: Germany — intraday price shape (€/MWh), the deepening 'duck' belly
L101: Portugal — capture price vs baseload by technology
A121: Spain — cumulative near-negative-price hours through the year
A141: France — capture price vs baseload by technology
L141: Spain — capture price vs baseload by technology
A161: Italy — capture price vs baseload by technology
L161: France — intraday price shape, indexed to daily mean
A181: Fig 9 — Installed generation capacity by technology (Spain)
L181: Fig 9 — Installed generation capacity by technology (Portugal)
A201: Fig 9 — Installed generation capacity by technology (France)
L201: Fig 9 — Installed generation capacity by technology (Italy)
A221: Portugal — intraday price shape, indexed to daily mean
L221: Italy — intraday price shape, indexed to daily mean
A241: Portugal — cumulative near-negative-price hours through the year
L241: France — cumulative near-negative-price hours through the year
A261: Italy — cumulative near-negative-price hours through the year
L261: Germany — Onshore wind: capture as % of base price, by month (one line per year)
A281: Germany — Solar: capture as % of base price, by month (one line per year)
L281: Germany — Lignite: capture as % of base price, by month (one line per year)
A301: Germany — Gas: capture as % of base price, by month (one line per year)
L301: Germany — Biomass: capture as % of base price, by month (one line per year)
A321: Germany — Hard coal: capture as % of base price, by month (one line per year)
L321: Germany — Hydro reservoir: capture as % of base price, by month (one line per year)
A341: Spain — Onshore wind: capture as % of base price, by month (one line per year)
L341: Spain — Solar: capture as % of base price, by month (one line per year)
A361: Spain — Nuclear: capture as % of base price, by month (one line per year)
L361: Spain — Gas: capture as % of base price, by month (one line per year)
A381: Spain — Hydro reservoir: capture as % of base price, by month (one line per year)
L381: Spain — Hydro pumped (production): capture as % of base price, by month (one line per year)
A401: Portugal — Onshore wind: capture as % of base price, by month (one line per year)
L401: Portugal — Hydro run-of-river: capture as % of base price, by month (one line per year)
A421: Portugal — Gas: capture as % of base price, by month (one line per year)
L421: Portugal — Hydro pumped (production): capture as % of base price, by month (one line per year)
A441: Portugal — Solar: capture as % of base price, by month (one line per year)
L441: Portugal — Hydro reservoir: capture as % of base price, by month (one line per year)
A461: France — Nuclear: capture as % of base price, by month (one line per year)
L461: France — Onshore wind: capture as % of base price, by month (one line per year)
A481: France — Hydro run-of-river: capture as % of base price, by month (one line per year)
L481: France — Solar: capture as % of base price, by month (one line per year)
A501: France — Gas: capture as % of base price, by month (one line per year)
L501: France — Hydro reservoir: capture as % of base price, by month (one line per year)
A521: Italy — Gas: capture as % of base price, by month (one line per year)
L521: Italy — Solar: capture as % of base price, by month (one line per year)
A541: Italy — Hydro reservoir: capture as % of base price, by month (one line per year)
L541: Italy — Onshore wind: capture as % of base price, by month (one line per year)
A561: Italy — Other: capture as % of base price, by month (one line per year)
L561: Italy — Biomass: capture as % of base price, by month (one line per year)
A581: Great Britain — Onshore wind: capture as % of base price, by month (one line per year)
L581: Great Britain — Offshore wind: capture as % of base price, by month (one line per year)
A601: Great Britain — Solar: capture as % of base price, by month (one line per year)
L601: Great Britain — Gas: capture as % of base price, by month (one line per year)
A621: Great Britain — Nuclear: capture as % of base price, by month (one line per year)
L621: Great Britain — Hydro run-of-river: capture as % of base price, by month (one line per year)
A641: Great Britain — capture price vs baseload by technology
L641: Fig 9 — Installed generation capacity by technology (Great Britain)
A661: Great Britain — intraday price shape, indexed to daily mean
L661: Great Britain — cumulative near-negative-price hours through the year
A681: France — hydro reservoir fill by week, against the historic range (TWh)
L681: Spain — hydro reservoir fill by week, against the historic range (TWh)
A701: Portugal — hydro reservoir fill by week, against the historic range (TWh)
L701: Italy — hydro reservoir fill by week, against the historic range (TWh)
A721: Norway — hydro reservoir fill by week, against the historic range (TWh)
L721: Sweden — hydro reservoir fill by week, against the historic range (TWh)
A741: Finland — hydro reservoir fill by week, against the historic range (TWh)
L741: Austria — hydro reservoir fill by week, against the historic range (TWh)
A761: Switzerland — hydro reservoir fill by week, against the historic range (TWh)
L761: Germany — pumped-storage generation by week, against the historic range (GWh)
A781: Great Britain — pumped-storage generation by week, against the historic range (GWh)

Sheet Fig1_PriceSD
A1: year | B1: Germany | C1: Spain | D1: Portugal | E1: France | F1: Italy
A2: 2019 | B2: 15.52 | C2: 10.88 | D2: 10.81 | E2: 14.02 | F2: 12.67
A3: 2020 | B3: 17.5 | C3: 11.42 | D3: 11.26 | E3: 16.11 | F3: 14.63
A4: 2021 | B4: 73.68 | C4: 74.71 | D4: 74.7 | E4: 84.31 | F4: 81.08
A5: 2022 | B5: 142.82 | C5: 69.46 | D5: 69.13 | E5: 145.84 | F5: 133.15
A6: 2023 | B6: 47.58 | C6: 41.34 | D6: 39.93 | E6: 45.53 | F6: 35.59
A7: 2024 | B7: 52.73 | C7: 45.94 | D7: 45.57 | E7: 40.66 | F7: 29.66
A8: 2025 | B8: 52.09 | C8: 47.61 | D8: 46.44 | E8: 46.38 | F8: 29.69
A9: 2026 | B9: 66.6 | C9: 68.97 | D9: 69.05 | E9: 67.19 | F9: 47.48
A10: 2027
A11: 2028
A12: 2029
A13: 2030
A14: 2031
A15: 2032
A16: 2033
A17: 2034
A18: 2035

Sheet Fig2_Intraday
A1: hour_utc | B1: DE_2019 | C1: DE_2020 | D1: DE_2021 | E1: DE_2022 | F1: DE_2023 | G1: DE_2024 | H1: DE_2025 | I1: DE_2026 | J1: DE_2027 | K1: DE_2028 | L1: DE_2029 | M1: DE_2030 | N1: DE_2031 | O1: DE_2032 | P1: DE_2033 | Q1: DE_2034 | R1: DE_2035 | S1: ES_2019 | T1: ES_2020 | U1: ES_2021 | V1: ES_2022 | W1: ES_2023 | X1: ES_2024 | Y1: ES_2025 | Z1: ES_2026 | AA1: ES_2027 | AB1: ES_2028 | AC1: ES_2029 | AD1: ES_2030 | AE1: ES_2031 | AF1: ES_2032 | AG1: ES_2033 | AH1: ES_2034 | AI1: ES_2035 | AJ1: PT_2019 | AK1: PT_2020 | AL1: PT_2021 | AM1: PT_2022 | AN1: PT_2023 | AO1: PT_2024 | AP1: PT_2025 | AQ1: PT_2026 | AR1: PT_2027 | AS1: PT_2028 | AT1: PT_2029 | AU1: PT_2030 | AV1: PT_2031 | AW1: PT_2032 | AX1: PT_2033 | AY1: PT_2034 | AZ1: PT_2035 | BA1: FR_2019 | BB1: FR_2020 | BC1: FR_2021 | BD1: FR_2022 | BE1: FR_2023 | BF1: FR_2024 | BG1: FR_2025 | BH1: FR_2026 | BI1: FR_2027 | BJ1: FR_2028 | BK1: FR_2029 | BL1: FR_2030 | BM1: FR_2031 | BN1: FR_2032 | BO1: FR_2033 | BP1: FR_2034 | BQ1: FR_2035 | BR1: IT_2019 | BS1: IT_2020 | BT1: IT_2021 | BU1: IT_2022 | BV1: IT_2023 | BW1: IT_2024 | BX1: IT_2025 | BY1: IT_2026 | BZ1: IT_2027 | CA1: IT_2028 | CB1: IT_2029 | CC1: IT_2030 | CD1: IT_2031 | CE1: IT_2032 | CF1: IT_2033 | CG1: IT_2034 | CH1: IT_2035
A2: 0 | B2: 0.7721 | C2: 0.7574 | D2: 0.7706 | E2: 0.8372 | F2: 0.8402 | G2: 0.8513 | H2: 0.9172 | I2: 1.0362 | S2: 0.9061 | T2: 0.8751 | U2: 0.9254 | V2: 0.9481 | W2: 0.9757 | X2: 1.0188 | Y2: 1.0733 | Z2: 1.2801 | AJ2: 0.9134 | AK2: 0.8764 | AL2: 0.926 | AM2: 0.9473 | AN2: 0.9632 | AO2: 1.0178 | AP2: 1.0656 | AQ2: 1.2791 | BA2: 0.8104 | BB2: 0.7853 | BC2: 0.829 | BD2: 0.842 | BE2: 0.8601 | BF2: 0.8566 | BG2: 0.9149 | BH2: 1.0659 | BR2: 0.8359 | BS2: 0.8083 | BT2: 0.8591 | BU2: 0.872 | BV2: 0.885 | BW2: 0.8802 | BX2: 0.9174 | BY2: 0.9745
A3: 1 | B3: 0.7461 | C3: 0.7187 | D3: 0.7456 | E3: 0.8143 | F3: 0.8162 | G3: 0.8299 | H3: 0.8967 | I3: 1.0159 | S3: 0.8718 | T3: 0.8319 | U3: 0.8945 | V3: 0.9131 | W3: 0.9438 | X3: 0.9847 | Y3: 1.0182 | Z3: 1.2412 | AJ3: 0.8773 | AK3: 0.8341 | AL3: 0.895 | AM3: 0.9122 | AN3: 0.9313 | AO3: 0.9852 | AP3: 1.0116 | AQ3: 1.2397 | BA3: 0.7483 | BB3: 0.7308 | BC3: 0.7741 | BD3: 0.8032 | BE3: 0.8079 | BF3: 0.7682 | BG3: 0.8242 | BH3: 0.9818 | BR3: 0.8043 | BS3: 0.7652 | BT3: 0.8297 | BU3: 0.8494 | BV3: 0.8596 | BW3: 0.8575 | BX3: 0.9024 | BY3: 0.9586
A4: 2 | B4: 0.7387 | C4: 0.7029 | D4: 0.7413 | E4: 0.81 | F4: 0.8094 | G4: 0.8244 | H4: 0.9008 | I4: 1.0173 | S4: 0.8545 | T4: 0.8111 | U4: 0.8673 | V4: 0.896 | W4: 0.9194 | X4: 0.9566 | Y4: 0.9882 | Z4: 1.2173 | AJ4: 0.8588 | AK4: 0.8136 | AL4: 0.8682 | AM4: 0.8944 | AN4: 0.9072 | AO4: 0.9563 | AP4: 0.9806 | AQ4: 1.2157 | BA4: 0.6977 | BB4: 0.6857 | BC4: 0.7247 | BD4: 0.7789 | BE4: 0.7583 | BF4: 0.6892 | BG4: 0.7611 | BH4: 0.9391 | BR4: 0.79 | BS4: 0.7445 | BT4: 0.82 | BU4: 0.8407 | BV4: 0.8484 | BW4: 0.8506 | BX4: 0.8978 | BY4: 0.9519
A5: 3 | B5: 0.7738 | C5: 0.7458 | D5: 0.7799 | E5: 0.8564 | F5: 0.8489 | G5: 0.8705 | H5: 0.9477 | I5: 1.0564 | S5: 0.8604 | T5: 0.8215 | U5: 0.8686 | V5: 0.9061 | W5: 0.9303 | X5: 0.9597 | Y5: 0.996 | Z5: 1.2334 | AJ5: 0.8633 | AK5: 0.8239 | AL5: 0.8697 | AM5: 0.9054 | AN5: 0.9184 | AO5: 0.9574 | AP5: 0.9857 | AQ5: 1.2319 | BA5: 0.7282 | BB5: 0.7026 | BC5: 0.7591 | BD5: 0.8084 | BE5: 0.7923 | BF5: 0.7279 | BG5: 0.7787 | BH5: 0.9885 | BR5: 0.8108 | BS5: 0.7714 | BT5: 0.8378 | BU5: 0.8588 | BV5: 0.8673 | BW5: 0.8697 | BX5: 0.9167 | BY5: 0.9733
A6: 4 | B6: 0.9055 | C6: 0.8905 | D6: 0.913 | E6: 0.9875 | F6: 0.9863 | G6: 1.0208 | H6: 1.0628 | I6: 1.1667 | S6: 0.8944 | T6: 0.8858 | U6: 0.9268 | V6: 0.96 | W6: 1.0045 | X6: 1.0305 | Y6: 1.0744 | Z6: 1.3178 | AJ6: 0.8944 | AK6: 0.8875 | AL6: 0.927 | AM6: 0.9582 | AN6: 0.9916 | AO6: 1.0231 | AP6: 1.0566 | AQ6: 1.3155 | BA6: 0.837 | BB6: 0.8135 | BC6: 0.8807 | BD6: 0.9157 | BE6: 0.9003 | BF6: 0.8623 | BG6: 0.9176 | BH6: 1.1341 | BR6: 0.892 | BS6: 0.8747 | BT6: 0.9157 | BU6: 0.935 | BV6: 0.9405 | BW6: 0.9483 | BX6: 0.997 | BY6: 1.0544
A7: 5 | B7: 1.0721 | C7: 1.0666 | D7: 1.0695 | E7: 1.1114 | F7: 1.1422 | G7: 1.1649 | H7: 1.1869 | I7: 1.2218 | S7: 0.9586 | T7: 0.9629 | U7: 0.9956 | V7: 1.044 | W7: 1.1035 | X7: 1.168 | Y7: 1.2294 | Z7: 1.4006 | AJ7: 0.9565 | AK7: 0.9624 | AL7: 0.9939 | AM7: 1.0422 | AN7: 1.0883 | AO7: 1.1476 | AP7: 1.1996 | AQ7: 1.393 | BA7: 1.0065 | BB7: 0.9742 | BC7: 1.0259 | BD7: 1.0545 | BE7: 1.0702 | BF7: 1.0888 | BG7: 1.1352 | BH7: 1.2658 | BR7: 1.0079 | BS7: 1.0152 | BT7: 1.0194 | BU7: 1.0375 | BV7: 1.0589 | BW7: 1.0694 | BX7: 1.0933 | BY7: 1.1057
A8: 6 | B8: 1.1763 | C8: 1.1929 | D8: 1.1878 | E8: 1.1791 | F8: 1.182 | G8: 1.19 | H8: 1.2039 | I8: 1.1646 | S8: 1.0297 | T8: 1.0354 | U8: 1.0603 | V8: 1.0961 | W8: 1.1621 | X8: 1.2049 | Y8: 1.2756 | Z8: 1.3048 | AJ8: 1.0245 | AK8: 1.031 | AL8: 1.0556 | AM8: 1.0928 | AN8: 1.1462 | AO8: 1.1775 | AP8: 1.2433 | AQ8: 1.277 | BA8: 1.1347 | BB8: 1.1154 | BC8: 1.1486 | BD8: 1.1396 | BE8: 1.1734 | BF8: 1.2625 | BG8: 1.2872 | BH8: 1.2767 | BR8: 1.0928 | BS8: 1.1004 | BT8: 1.1008 | BU8: 1.101 | BV8: 1.1265 | BW8: 1.1316 | BX8: 1.1267 | BY8: 1.0984
A9: 7 | B9: 1.1559 | C9: 1.1741 | D9: 1.1647 | E9: 1.1165 | F9: 1.1216 | G9: 1.0695 | H9: 1.0825 | I9: 0.9737 | S9: 1.0604 | T9: 1.0647 | U9: 1.0697 | V9: 1.0756 | W9: 1.1047 | X9: 1.0979 | Y9: 1.0803 | Z9: 0.9433 | AJ9: 1.0541 | AK9: 1.0586 | AL9: 1.0666 | AM9: 1.0733 | AN9: 1.0906 | AO9: 1.0803 | AP9: 1.0752 | AQ9: 0.9225 | BA9: 1.157 | BB9: 1.1506 | BC9: 1.1565 | BD9: 1.1131 | BE9: 1.1501 | BF9: 1.194 | BG9: 1.2031 | BH9: 1.054 | BR9: 1.1114 | BS9: 1.1178 | BT9: 1.11 | BU9: 1.079 | BV9: 1.1136 | BW9: 1.1055 | BX9: 1.084 | BY9: 1.0313
A10: 8 | B10: 1.092 | C10: 1.087 | D10: 1.0992 | E10: 1.0175 | F10: 0.9948 | G10: 0.9075 | H10: 0.871 | I10: 0.7613 | S10: 1.0666 | T10: 1.0562 | U10: 1.0427 | V10: 1.0114 | W10: 0.9602 | X10: 0.8981 | Y10: 0.7847 | Z10: 0.5653 | AJ10: 1.0613 | AK10: 1.0542 | AL10: 1.0416 | AM10: 1.0145 | AN10: 0.9592 | AO10: 0.8987 | AP10: 0.8079 | AQ10: 0.5812 | BA10: 1.1247 | BB10: 1.1187 | BC10: 1.1127 | BD10: 1.0563 | BE10: 1.052 | BF10: 1.0219 | BG10: 0.9498 | BH10: 0.7767 | BR10: 1.0666 | BS10: 1.0589 | BT10: 1.07 | BU10: 1.0198 | BV10: 1.0305 | BW10: 1.011 | BX10: 0.9847 | BY10: 0.9311
A11: 9 | B11: 1.0408 | C11: 1.0181 | D11: 1.0419 | E11: 0.9349 | F11: 0.894 | G11: 0.7729 | H11: 0.7065 | I11: 0.5806 | S11: 1.0601 | T11: 1.0421 | U11: 1.0062 | V11: 0.9489 | W11: 0.846 | X11: 0.7428 | Y11: 0.5911 | Z11: 0.355 | AJ11: 1.0563 | AK11: 1.0414 | AL11: 1.0066 | AM11: 0.9554 | AN11: 0.8738 | AO11: 0.7594 | AP11: 0.6216 | AQ11: 0.4072 | BA11: 1.0959 | BB11: 1.0892 | BC11: 1.0645 | BD11: 1.0268 | BE11: 0.9623 | BF11: 0.8568 | BG11: 0.75 | BH11: 0.5594 | BR11: 1.0106 | BS11: 1.0036 | BT11: 1.0281 | BU11: 0.9813 | BV11: 0.9468 | BW11: 0.9284 | BX11: 0.8928 | BY11: 0.8345
A12: 10 | B12: 0.9913 | C12: 0.9603 | D12: 0.9974 | E12: 0.8741 | F12: 0.8147 | G12: 0.6775 | H12: 0.5853 | I12: 0.439 | S12: 1.0513 | T12: 1.0356 | U12: 0.9774 | V12: 0.9186 | W12: 0.7939 | X12: 0.6619 | Y12: 0.4989 | Z12: 0.2772 | AJ12: 1.0493 | AK12: 1.036 | AL12: 0.9779 | AM12: 0.9218 | AN12: 0.8245 | AO12: 0.6847 | AP12: 0.5296 | AQ12: 0.3327 | BA12: 1.0631 | BB12: 1.0765 | BC12: 1.0397 | BD12: 1.0117 | BE12: 0.9039 | BF12: 0.7729 | BG12: 0.662 | BH12: 0.4391 | BR12: 0.9436 | BS12: 0.9628 | BT12: 0.9903 | BU12: 0.9478 | BV12: 0.8816 | BW12: 0.8501 | BX12: 0.813 | BY12: 0.7512
A13: 11 | B13: 0.9352 | C13: 0.8779 | D13: 0.9344 | E13: 0.8171 | F13: 0.7407 | G13: 0.6043 | H13: 0.5145 | I13: 0.3466 | S13: 1.0429 | T13: 1.0237 | U13: 0.9592 | V13: 0.9013 | W13: 0.7607 | X13: 0.6263 | Y13: 0.4519 | Z13: 0.2446 | AJ13: 1.0416 | AK13: 1.0243 | AL13: 0.9595 | AM13: 0.9046 | AN13: 0.7942 | AO13: 0.6445 | AP13: 0.4846 | AQ13: 0.2874 | BA13: 1.0124 | BB13: 1.0217 | BC13: 0.9822 | BD13: 0.9605 | BE13: 0.8216 | BF13: 0.6904 | BG13: 0.5817 | BH13: 0.3284 | BR13: 0.902 | BS13: 0.9131 | BT13: 0.9563 | BU13: 0.9086 | BV13: 0.836 | BW13: 0.8089 | BX13: 0.774 | BY13: 0.7175
... A25: 23 | B25: 0.813 | C25: 0.8075 | D25: 0.8111 | E25: 0.8721 | F25: 0.8831 | G25: 0.8994 | H25: 0.9592 | I25: 1.0744 | S25: 0.9624 | T25: 0.94 | U25: 0.9829 | V25: 1.0053 | W25: 1.0393 | X25: 1.0911 | Y25: 1.1575 | Z25: 1.3435 | AJ25: 0.9671 | AK25: 0.9414 | AL25: 0.9837 | AM25: 1.0047 | AN25: 1.0263 | AO25: 1.0869 | AP25: 1.1509 | AQ25: 1.3418 | BA25: 0.8771 | BB25: 0.8444 | BC25: 0.8754 | BD25: 0.8729 | BE25: 0.9083 | BF25: 0.9339 | BG25: 0.9906 | BH25: 1.1588 | BR25: 0.889 | BS25: 0.8659 | BT25: 0.8998 | BU25: 0.9074 | BV25: 0.9209 | BW25: 0.9179 | BX25: 0.9508 | BY25: 1.0089

Sheet Fig3_NegHours
A1: year | B1: Germany_neg | C1: Spain_neg | D1: Portugal_neg | E1: France_neg | F1: Italy_neg | G1: Germany_nearneg | H1: Spain_nearneg | I1: Portugal_nearneg | J1: France_nearneg | K1: Italy_nearneg
A2: 2019 | B2: 211 | C2: 0 | D2: 0 | E2: 27 | F2: 0 | G2: 272 | H2: 10 | I2: 17 | J2: 38 | K2: 0
A3: 2020 | B3: 298 | C3: 0 | D3: 0 | E3: 102 | F3: 0 | G3: 435 | H3: 0 | I3: 0 | J3: 151 | K3: 11
A4: 2021 | B4: 139 | C4: 0 | D4: 0 | E4: 64 | F4: 0 | G4: 204 | H4: 40 | I4: 44 | J4: 114 | K4: 0
A5: 2022 | B5: 70 | C5: 0 | D5: 0 | E5: 4 | F5: 0 | G5: 125 | H5: 19 | I5: 23 | J5: 26 | K5: 0
A6: 2023 | B6: 300 | C6: 0 | D6: 0 | E6: 147 | F6: 0 | G6: 425 | H6: 171 | I6: 122 | J6: 271 | K6: 0
A7: 2024 | B7: 457 | C7: 247 | D7: 196 | E7: 352 | F7: 0 | G7: 628 | H7: 1064 | I7: 1012 | J7: 739 | K7: 4
A8: 2025 | B8: 576 | C8: 556 | D8: 200 | E8: 513 | F8: 0 | G8: 749 | H8: 1048 | I8: 646 | J8: 853 | K8: 13
A9: 2026 | B9: 471 | C9: 747 | D9: 599 | E9: 563 | F9: 0 | G9: 547 | H9: 1280 | I9: 1204 | J9: 830 | K9: 24
A10: 2027
A11: 2028
A12: 2029
A13: 2030
A14: 2031
A15: 2032
A16: 2033
A17: 2034
A18: 2035

Sheet Fig3_CumNeg
A1: doy | B1: DE_2019 | C1: DE_2020 | D1: DE_2021 | E1: DE_2022 | F1: DE_2023 | G1: DE_2024 | H1: DE_2025 | I1: DE_2026 | J1: DE_2027 | K1: DE_2028 | L1: DE_2029 | M1: DE_2030 | N1: DE_2031 | O1: DE_2032 | P1: DE_2033 | Q1: DE_2034 | R1: DE_2035 | S1: ES_2019 | T1: ES_2020 | U1: ES_2021 | V1: ES_2022 | W1: ES_2023 | X1: ES_2024 | Y1: ES_2025 | Z1: ES_2026 | AA1: ES_2027 | AB1: ES_2028 | AC1: ES_2029 | AD1: ES_2030 | AE1: ES_2031 | AF1: ES_2032 | AG1: ES_2033 | AH1: ES_2034 | AI1: ES_2035 | AJ1: PT_2019 | AK1: PT_2020 | AL1: PT_2021 | AM1: PT_2022 | AN1: PT_2023 | AO1: PT_2024 | AP1: PT_2025 | AQ1: PT_2026 | AR1: PT_2027 | AS1: PT_2028 | AT1: PT_2029 | AU1: PT_2030 | AV1: PT_2031 | AW1: PT_2032 | AX1: PT_2033 | AY1: PT_2034 | AZ1: PT_2035 | BA1: FR_2019 | BB1: FR_2020 | BC1: FR_2021 | BD1: FR_2022 | BE1: FR_2023 | BF1: FR_2024 | BG1: FR_2025 | BH1: FR_2026 | BI1: FR_2027 | BJ1: FR_2028 | BK1: FR_2029 | BL1: FR_2030 | BM1: FR_2031 | BN1: FR_2032 | BO1: FR_2033 | BP1: FR_2034 | BQ1: FR_2035 | BR1: IT_2019 | BS1: IT_2020 | BT1: IT_2021 | BU1: IT_2022 | BV1: IT_2023 | BW1: IT_2024 | BX1: IT_2025 | BY1: IT_2026 | BZ1: IT_2027 | CA1: IT_2028 | CB1: IT_2029 | CC1: IT_2030 | CD1: IT_2031 | CE1: IT_2032 | CF1: IT_2033 | CG1: IT_2034 | CH1: IT_2035
A2: 1 | B2: 21 | C2: 0 | D2: 0 | E2: 0 | F2: 14 | G2: 11 | H2: 17 | I2: 11 | S2: 0 | T2: 0 | U2: 0 | V2: 0 | W2: 15 | X2: 0 | Y2: 0 | Z2: 0 | AJ2: 0 | AK2: 0 | AL2: 0 | AM2: 0 | AN2: 15 | AO2: 0 | AP2: 0 | AQ2: 0 | BA2: 0 | BB2: 0 | BC2: 0 | BD2: 0 | BE2: 13 | BF2: 11 | BG2: 0 | BH2: 0 | BR2: 0 | BS2: 0 | BT2: 0 | BU2: 0 | BV2: 0 | BW2: 0 | BX2: 0 | BY2: 0
A3: 2 | B3: 27 | C3: 0 | D3: 0 | E3: 1 | F3: 14 | G3: 12 | H3: 17 | I3: 12 | S3: 0 | T3: 0 | U3: 0 | V3: 0 | W3: 15 | X3: 0 | Y3: 0 | Z3: 0 | AJ3: 0 | AK3: 0 | AL3: 0 | AM3: 0 | AN3: 15 | AO3: 0 | AP3: 0 | AQ3: 0 | BA3: 0 | BB3: 0 | BC3: 0 | BD3: 0 | BE3: 13 | BF3: 15 | BG3: 0 | BH3: 0 | BR3: 0 | BS3: 0 | BT3: 0 | BU3: 0 | BV3: 0 | BW3: 0 | BX3: 0 | BY3: 0
A4: 3 | B4: 27 | C4: 2 | D4: 0 | E4: 6 | F4: 14 | G4: 17 | H4: 17 | I4: 12 | S4: 0 | T4: 0 | U4: 0 | V4: 0 | W4: 15 | X4: 0 | Y4: 0 | Z4: 0 | AJ4: 0 | AK4: 0 | AL4: 0 | AM4: 0 | AN4: 15 | AO4: 0 | AP4: 0 | AQ4: 0 | BA4: 0 | BB4: 0 | BC4: 0 | BD4: 2 | BE4: 13 | BF4: 20 | BG4: 0 | BH4: 0 | BR4: 0 | BS4: 0 | BT4: 0 | BU4: 0 | BV4: 0 | BW4: 0 | BX4: 0 | BY4: 0
A5: 4 | B5: 27 | C5: 4 | D5: 0 | E5: 6 | F5: 16 | G5: 17 | H5: 17 | I5: 12 | S5: 0 | T5: 0 | U5: 0 | V5: 0 | W5: 15 | X5: 0 | Y5: 0 | Z5: 0 | AJ5: 0 | AK5: 0 | AL5: 0 | AM5: 0 | AN5: 15 | AO5: 0 | AP5: 0 | AQ5: 0 | BA5: 0 | BB5: 0 | BC5: 0 | BD5: 2 | BE5: 13 | BF5: 20 | BG5: 0 | BH5: 0 | BR5: 0 | BS5: 0 | BT5: 0 | BU5: 0 | BV5: 0 | BW5: 0 | BX5: 0 | BY5: 0
A6: 5 | B6: 27 | C6: 4 | D6: 0 | E6: 6 | F6: 19 | G6: 17 | H6: 17 | I6: 12 | S6: 0 | T6: 0 | U6: 0 | V6: 0 | W6: 15 | X6: 0 | Y6: 0 | Z6: 0 | AJ6: 0 | AK6: 0 | AL6: 0 | AM6: 0 | AN6: 15 | AO6: 0 | AP6: 0 | AQ6: 0 | BA6: 0 | BB6: 0 | BC6: 0 | BD6: 2 | BE6: 13 | BF6: 20 | BG6: 0 | BH6: 0 | BR6: 0 | BS6: 0 | BT6: 0 | BU6: 0 | BV6: 0 | BW6: 0 | BX6: 0 | BY6: 0
A7: 6 | B7: 27 | C7: 4 | D7: 0 | E7: 6 | F7: 19 | G7: 17 | H7: 17 | I7: 12 | S7: 0 | T7: 0 | U7: 0 | V7: 0 | W7: 15 | X7: 0 | Y7: 0 | Z7: 4 | AJ7: 0 | AK7: 0 | AL7: 0 | AM7: 0 | AN7: 15 | AO7: 0 | AP7: 0 | AQ7: 0 | BA7: 0 | BB7: 0 | BC7: 0 | BD7: 2 | BE7: 13 | BF7: 20 | BG7: 0 | BH7: 0 | BR7: 0 | BS7: 0 | BT7: 0 | BU7: 0 | BV7: 0 | BW7: 0 | BX7: 0 | BY7: 0
A8: 7 | B8: 27 | C8: 4 | D8: 0 | E8: 6 | F8: 19 | G8: 17 | H8: 17 | I8: 12 | S8: 0 | T8: 0 | U8: 0 | V8: 0 | W8: 15 | X8: 0 | Y8: 0 | Z8: 4 | AJ8: 0 | AK8: 0 | AL8: 0 | AM8: 0 | AN8: 15 | AO8: 0 | AP8: 0 | AQ8: 0 | BA8: 0 | BB8: 0 | BC8: 0 | BD8: 2 | BE8: 13 | BF8: 20 | BG8: 1 | BH8: 0 | BR8: 0 | BS8: 0 | BT8: 0 | BU8: 0 | BV8: 0 | BW8: 0 | BX8: 0 | BY8: 0
A9: 8 | B9: 27 | C9: 6 | D9: 0 | E9: 6 | F9: 19 | G9: 17 | H9: 17 | I9: 12 | S9: 0 | T9: 0 | U9: 0 | V9: 0 | W9: 15 | X9: 0 | Y9: 0 | Z9: 4 | AJ9: 0 | AK9: 0 | AL9: 0 | AM9: 0 | AN9: 15 | AO9: 0 | AP9: 0 | AQ9: 0 | BA9: 0 | BB9: 0 | BC9: 0 | BD9: 2 | BE9: 13 | BF9: 20 | BG9: 1 | BH9: 0 | BR9: 0 | BS9: 0 | BT9: 0 | BU9: 0 | BV9: 0 | BW9: 0 | BX9: 0 | BY9: 0
A10: 9 | B10: 27 | C10: 6 | D10: 0 | E10: 6 | F10: 19 | G10: 17 | H10: 17 | I10: 12 | S10: 0 | T10: 0 | U10: 0 | V10: 0 | W10: 15 | X10: 0 | Y10: 0 | Z10: 4 | AJ10: 0 | AK10: 0 | AL10: 0 | AM10: 0 | AN10: 15 | AO10: 0 | AP10: 0 | AQ10: 0 | BA10: 0 | BB10: 0 | BC10: 0 | BD10: 2 | BE10: 13 | BF10: 20 | BG10: 1 | BH10: 0 | BR10: 0 | BS10: 0 | BT10: 0 | BU10: 0 | BV10: 0 | BW10: 0 | BX10: 0 | BY10: 0
A11: 10 | B11: 27 | C11: 6 | D11: 0 | E11: 6 | F11: 19 | G11: 17 | H11: 17 | I11: 12 | S11: 0 | T11: 0 | U11: 0 | V11: 0 | W11: 15 | X11: 0 | Y11: 0 | Z11: 4 | AJ11: 0 | AK11: 0 | AL11: 0 | AM11: 0 | AN11: 15 | AO11: 0 | AP11: 0 | AQ11: 0 | BA11: 0 | BB11: 0 | BC11: 0 | BD11: 2 | BE11: 13 | BF11: 20 | BG11: 1 | BH11: 0 | BR11: 0 | BS11: 0 | BT11: 0 | BU11: 0 | BV11: 0 | BW11: 0 | BX11: 0 | BY11: 0
A12: 11 | B12: 27 | C12: 6 | D12: 0 | E12: 6 | F12: 23 | G12: 17 | H12: 17 | I12: 12 | S12: 0 | T12: 0 | U12: 0 | V12: 0 | W12: 15 | X12: 0 | Y12: 0 | Z12: 4 | AJ12: 0 | AK12: 0 | AL12: 0 | AM12: 0 | AN12: 15 | AO12: 0 | AP12: 0 | AQ12: 0 | BA12: 0 | BB12: 0 | BC12: 0 | BD12: 2 | BE12: 16 | BF12: 20 | BG12: 1 | BH12: 0 | BR12: 0 | BS12: 0 | BT12: 0 | BU12: 0 | BV12: 0 | BW12: 0 | BX12: 0 | BY12: 0
A13: 12 | B13: 27 | C13: 6 | D13: 0 | E13: 6 | F13: 24 | G13: 17 | H13: 17 | I13: 12 | S13: 0 | T13: 0 | U13: 0 | V13: 0 | W13: 15 | X13: 0 | Y13: 0 | Z13: 4 | AJ13: 0 | AK13: 0 | AL13: 0 | AM13: 0 | AN13: 15 | AO13: 0 | AP13: 0 | AQ13: 0 | BA13: 0 | BB13: 0 | BC13: 0 | BD13: 2 | BE13: 16 | BF13: 20 | BG13: 1 | BH13: 0 | BR13: 0 | BS13: 0 | BT13: 0 | BU13: 0 | BV13: 0 | BW13: 0 | BX13: 0 | BY13: 0
... A284: 283 | B284: 212 | C284: 367 | D284: 190 | E284: 80 | F284: 278 | G284: 570 | H284: 725 | I284: 547 | S284: 0 | T284: 0 | U284: 40 | V284: 0 | W284: 115 | X284: 1048 | Y284: 983 | Z284: 1280 | AJ284: 0 | AK284: 0 | AL284: 44 | AM284: 0 | AN284: 66 | AO284: 998 | AP284: 599 | AQ284: 1204 | BA284: 36 | BB284: 123 | BC284: 110 | BD284: 4 | BE284: 176 | BF284: 714 | BG284: 840 | BH284: 830 | BR284: 0 | BS284: 11 | BT284: 0 | BU284: 0 | BV284: 0 | BW284: 4 | BX284: 13 | BY284: 24
A285: 284 | B285: 214 | C285: 367 | D285: 190 | E285: 80 | F285: 282 | G285: 570 | H285: 725 | S285: 0 | T285: 0 | U285: 40 | V285: 0 | W285: 115 | X285: 1048 | Y285: 983 | AJ285: 0 | AK285: 0 | AL285: 44 | AM285: 0 | AN285: 66 | AO285: 998 | AP285: 599 | BA285: 36 | BB285: 123 | BC285: 110 | BD285: 4 | BE285: 176 | BF285: 718 | BG285: 840 | BR285: 0 | BS285: 11 | BT285: 0 | BU285: 0 | BV285: 0 | BW285: 4 | BX285: 13
A286: 285 | B286: 216 | C286: 367 | D286: 190 | E286: 80 | F286: 282 | G286: 570 | H286: 725 | S286: 0 | T286: 0 | U286: 40 | V286: 0 | W286: 115 | X286: 1048 | Y286: 984 | AJ286: 0 | AK286: 0 | AL286: 44 | AM286: 0 | AN286: 66 | AO286: 998 | AP286: 600 | BA286: 36 | BB286: 123 | BC286: 110 | BD286: 4 | BE286: 176 | BF286: 718 | BG286: 840 | BR286: 0 | BS286: 11 | BT286: 0 | BU286: 0 | BV286: 0 | BW286: 4 | BX286: 13
A287: 286 | B287: 217 | C287: 367 | D287: 190 | E287: 80 | F287: 286 | G287: 572 | H287: 725 | S287: 0 | T287: 0 | U287: 40 | V287: 0 | W287: 115 | X287: 1048 | Y287: 984 | AJ287: 0 | AK287: 0 | AL287: 44 | AM287: 0 | AN287: 66 | AO287: 998 | AP287: 600 | BA287: 36 | BB287: 123 | BC287: 110 | BD287: 4 | BE287: 177 | BF287: 720 | BG287: 840 | BR287: 0 | BS287: 11 | BT287: 0 | BU287: 0 | BV287: 0 | BW287: 4 | BX287: 13
A288: 287 | B288: 217 | C288: 367 | D288: 190 | E288: 80 | F288: 298 | G288: 588 | H288: 725 | S288: 0 | T288: 0 | U288: 40 | V288: 0 | W288: 115 | X288: 1051 | Y288: 984 | AJ288: 0 | AK288: 0 | AL288: 44 | AM288: 0 | AN288: 66 | AO288: 1001 | AP288: 600 | BA288: 36 | BB288: 123 | BC288: 110 | BD288: 4 | BE288: 181 | BF288: 729 | BG288: 840 | BR288: 0 | BS288: 11 | BT288: 0 | BU288: 0 | BV288: 0 | BW288: 4 | BX288: 13
A289: 288 | B289: 217 | C289: 367 | D289: 190 | E289: 80 | F289: 303 | G289: 588 | H289: 725 | S289: 0 | T289: 0 | U289: 40 | V289: 0 | W289: 115 | X289: 1051 | Y289: 984 | AJ289: 0 | AK289: 0 | AL289: 44 | AM289: 0 | AN289: 66 | AO289: 1001 | AP289: 600 | BA289: 36 | BB289: 123 | BC289: 110 | BD289: 4 | BE289: 181 | BF289: 729 | BG289: 840 | BR289: 0 | BS289: 11 | BT289: 0 | BU289: 0 | BV289: 0 | BW289: 4 | BX289: 13
A290: 289 | B290: 217 | C290: 367 | D290: 190 | E290: 80 | F290: 303 | G290: 588 | H290: 725 | S290: 0 | T290: 0 | U290: 40 | V290: 0 | W290: 115 | X290: 1051 | Y290: 984 | AJ290: 0 | AK290: 0 | AL290: 44 | AM290: 0 | AN290: 66 | AO290: 1001 | AP290: 600 | BA290: 36 | BB290: 123 | BC290: 110 | BD290: 4 | BE290: 181 | BF290: 729 | BG290: 840 | BR290: 0 | BS290: 11 | BT290: 0 | BU290: 0 | BV290: 0 | BW290: 4 | BX290: 13
A291: 290 | B291: 217 | C291: 367 | D291: 190 | E291: 80 | F291: 303 | G291: 588 | H291: 725 | S291: 0 | T291: 0 | U291: 40 | V291: 0 | W291: 115 | X291: 1051 | Y291: 984 | AJ291: 0 | AK291: 0 | AL291: 44 | AM291: 0 | AN291: 66 | AO291: 1001 | AP291: 600 | BA291: 36 | BB291: 123 | BC291: 110 | BD291: 4 | BE291: 181 | BF291: 729 | BG291: 840 | BR291: 0 | BS291: 11 | BT291: 0 | BU291: 0 | BV291: 0 | BW291: 4 | BX291: 13
A292: 291 | B292: 217 | C292: 367 | D292: 190 | E292: 80 | F292: 303 | G292: 588 | H292: 725 | S292: 0 | T292: 0 | U292: 40 | V292: 0 | W292: 115 | X292: 1053 | Y292: 985 | AJ292: 0 | AK292: 0 | AL292: 44 | AM292: 0 | AN292: 66 | AO292: 1003 | AP292: 600 | BA292: 36 | BB292: 123 | BC292: 110 | BD292: 4 | BE292: 182 | BF292: 729 | BG292: 840 | BR292: 0 | BS292: 11 | BT292: 0 | BU292: 0 | BV292: 0 | BW292: 4 | BX292: 13
A293: 292 | B293: 217 | C293: 367 | D293: 190 | E293: 80 | F293: 303 | G293: 588 | H293: 725 | S293: 0 | T293: 0 | U293: 40 | V293: 0 | W293: 115 | X293: 1053 | Y293: 990 | AJ293: 0 | AK293: 0 | AL293: 44 | AM293: 0 | AN293: 66 | AO293: 1003 | AP293: 605 | BA293: 36 | BB293: 123 | BC293: 110 | BD293: 4 | BE293: 182 | BF293: 729 | BG293: 840 | BR293: 0 | BS293: 11 | BT293: 0 | BU293: 0 | BV293: 0 | BW293: 4 | BX293: 13
A294: 293 | B294: 217 | C294: 367 | D294: 192 | E294: 80 | F294: 303 | G294: 588 | H294: 725 | S294: 0 | T294: 0 | U294: 40 | V294: 0 | W294: 115 | X294: 1053 | Y294: 992 | AJ294: 0 | AK294: 0 | AL294: 44 | AM294: 0 | AN294: 66 | AO294: 1003 | AP294: 606 | BA294: 36 | BB294: 123 | BC294: 111 | BD294: 4 | BE294: 182 | BF294: 729 | BG294: 841 | BR294: 0 | BS294: 11 | BT294: 0 | BU294: 0 | BV294: 0 | BW294: 4 | BX294: 13
A295: 294 | B295: 217 | C295: 367 | D295: 192 | E295: 80 | F295: 303 | G295: 595 | H295: 725 | S295: 0 | T295: 0 | U295: 40 | V295: 0 | W295: 115 | X295: 1059 | Y295: 992 | AJ295: 0 | AK295: 0 | AL295: 44 | AM295: 0 | AN295: 66 | AO295: 1007 | AP295: 606 | BA295: 36 | BB295: 123 | BC295: 114 | BD295: 4 | BE295: 182 | BF295: 736 | BG295: 841 | BR295: 0 | BS295: 11 | BT295: 0 | BU295: 0 | BV295: 0 | BW295: 4 | BX295: 13
A296: 295 | B296: 217 | C296: 367 | D296: 192 | E296: 80 | F296: 303 | G296: 598 | H296: 725 | S296: 0 | T296: 0 | U296: 40 | V296: 0 | W296: 115 | X296: 1059 | Y296: 996 | AJ296: 0 | AK296: 0 | AL296: 44 | AM296: 0 | AN296: 66 | AO296: 1007 | AP296: 610 | BA296: 36 | BB296: 123 | BC296: 114 | BD296: 4 | BE296: 182 | BF296: 739 | BG296: 841 | BR296: 0 | BS296: 11 | BT296: 0 | BU296: 0 | BV296: 0 | BW296: 4 | BX296: 13
... A366: 365 | B366: 272 | C366: 435 | D366: 204 | E366: 125 | F366: 425 | G366: 627 | H366: 749 | S366: 10 | T366: 0 | U366: 40 | V366: 19 | W366: 171 | X366: 1064 | Y366: 1048 | AJ366: 17 | AK366: 0 | AL366: 44 | AM366: 23 | AN366: 122 | AO366: 1012 | AP366: 646 | BA366: 38 | BB366: 151 | BC366: 114 | BD366: 26 | BE366: 271 | BF366: 739 | BG366: 853 | BR366: 0 | BS366: 11 | BT366: 0 | BU366: 0 | BV366: 0 | BW366: 4 | BX366: 13
A367: 366 | C367: 435 | G367: 628 | T367: 0 | X367: 1064 | AK367: 0 | AO367: 1012 | BB367: 151 | BF367: 739 | BS367: 11 | BW367: 4

Sheet Fig4_Duration
A1: pct_of_hours | B1: DE_2019 | C1: DE_2020 | D1: DE_2021 | E1: DE_2022 | F1: DE_2023 | G1: DE_2024 | H1: DE_2025 | I1: DE_2026 | J1: DE_2027 | K1: DE_2028 | L1: DE_2029 | M1: DE_2030 | N1: DE_2031 | O1: DE_2032 | P1: DE_2033 | Q1: DE_2034 | R1: DE_2035 | S1: ES_2019 | T1: ES_2020 | U1: ES_2021 | V1: ES_2022 | W1: ES_2023 | X1: ES_2024 | Y1: ES_2025 | Z1: ES_2026 | AA1: ES_2027 | AB1: ES_2028 | AC1: ES_2029 | AD1: ES_2030 | AE1: ES_2031 | AF1: ES_2032 | AG1: ES_2033 | AH1: ES_2034 | AI1: ES_2035 | AJ1: PT_2019 | AK1: PT_2020 | AL1: PT_2021 | AM1: PT_2022 | AN1: PT_2023 | AO1: PT_2024 | AP1: PT_2025 | AQ1: PT_2026 | AR1: PT_2027 | AS1: PT_2028 | AT1: PT_2029 | AU1: PT_2030 | AV1: PT_2031 | AW1: PT_2032 | AX1: PT_2033 | AY1: PT_2034 | AZ1: PT_2035 | BA1: FR_2019 | BB1: FR_2020 | BC1: FR_2021 | BD1: FR_2022 | BE1: FR_2023 | BF1: FR_2024 | BG1: FR_2025 | BH1: FR_2026 | BI1: FR_2027 | BJ1: FR_2028 | BK1: FR_2029 | BL1: FR_2030 | BM1: FR_2031 | BN1: FR_2032 | BO1: FR_2033 | BP1: FR_2034 | BQ1: FR_2035 | BR1: IT_2019 | BS1: IT_2020 | BT1: IT_2021 | BU1: IT_2022 | BV1: IT_2023 | BW1: IT_2024 | BX1: IT_2025 | BY1: IT_2026 | BZ1: IT_2027 | CA1: IT_2028 | CB1: IT_2029 | CC1: IT_2030 | CD1: IT_2031 | CE1: IT_2032 | CF1: IT_2033 | CG1: IT_2034 | CH1: IT_2035
A2: 0 | B2: 121.46 | C2: 200.04 | D2: 620 | E2: 871 | F2: 524.27 | G2: 936.28 | H2: 583.4 | I2: 697.31 | S2: 74.74 | T2: 68.9 | U2: 409 | V2: 700 | W2: 220 | X2: 193 | Y2: 240 | Z2: 296.25 | AJ2: 74.74 | AK2: 68.9 | AL2: 409 | AM2: 651 | AN2: 220 | AO2: 193 | AP2: 240 | AQ2: 336.51 | BA2: 121.46 | BB2: 200.04 | BC2: 620 | BD2: 2987.78 | BE2: 276.12 | BF2: 284.21 | BG2: 473.28 | BH2: 353.74 | BR2: 108.49 | BS2: 162.6 | BT2: 533.19 | BU2: 870 | BV2: 295 | BW2: 275.08 | BX2: 289 | BY2: 347.63
A3: 1 | B3: 72.52 | C3: 74.84 | D3: 366.82 | E3: 664.94 | F3: 207.98 | G3: 224.86 | H3: 242.84 | I3: 265.27 | S3: 69.74 | T3: 57.17 | U3: 334.55 | V3: 397.47 | W3: 165.74 | X3: 158.27 | Y3: 169.56 | Z3: 234.05 | AJ3: 69.81 | AK3: 56.62 | AL3: 334.55 | AM3: 395.65 | AN3: 165.22 | AO3: 158.47 | AP3: 169.22 | AQ3: 234.08 | BA3: 75.91 | BB3: 75.38 | BC3: 399.28 | BD3: 703.63 | BE3: 209.5 | BF3: 152 | BG3: 175.82 | BH3: 240.86 | BR3: 82.92 | BS3: 77.94 | BT3: 381.17 | BU3: 702.94 | BV3: 225.35 | BW3: 192.46 | BX3: 185.84 | BY3: 266.06
A4: 2 | B4: 66.75 | C4: 64.21 | D4: 322.2 | E4: 590.7 | F4: 190 | G4: 181.39 | H4: 197.14 | I4: 239.89 | S4: 68.38 | T4: 54.89 | U4: 307.92 | V4: 330.07 | W4: 160 | X4: 150 | Y4: 158.37 | Z4: 220.02 | AJ4: 68.4 | AK4: 54.56 | AL4: 307.92 | AM4: 330.07 | AN4: 159.37 | AO4: 150 | AP4: 157.84 | AQ4: 219.52 | BA4: 70.86 | BB4: 65.78 | BC4: 351.57 | BD4: 650 | BE4: 193.02 | BF4: 137.82 | BG4: 160.16 | BH4: 222.3 | BR4: 79.89 | BS4: 72.34 | BT4: 339.58 | BU4: 650 | BV4: 213.43 | BW4: 178.88 | BX4: 175.68 | BY4: 254.99
A5: 3 | B5: 62.45 | C5: 59.67 | D5: 291.81 | E5: 559.89 | F5: 179.97 | G5: 160.95 | H5: 179.92 | I5: 224.38 | S5: 67.21 | T5: 53.54 | U5: 285.23 | V5: 291.01 | W5: 154.07 | X5: 144.36 | Y5: 151.25 | Z5: 209.83 | AJ5: 67.66 | AK5: 53.28 | AL5: 285.23 | AM5: 291.01 | AN5: 153.93 | AO5: 144.38 | AP5: 150.99 | AQ5: 209.64 | BA5: 68.51 | BB5: 61.89 | BC5: 326.92 | BD5: 610.13 | BE5: 182.24 | BF5: 131 | BG5: 150.96 | BH5: 209.3 | BR5: 77.34 | BS5: 69.12 | BT5: 319.27 | BU5: 619.35 | BV5: 204.02 | BW5: 171.18 | BX5: 170 | BY5: 245.01
A6: 4 | B6: 60 | C6: 56.96 | D6: 269.02 | E6: 530 | F6: 171.63 | G6: 151.06 | H6: 170 | I6: 210.25 | S6: 66.03 | T6: 52.85 | U6: 265.35 | V6: 278.33 | W6: 150.45 | X6: 140.09 | Y6: 145.02 | Z6: 202.96 | AJ6: 66.5 | AK6: 52.53 | AL6: 265.35 | AM6: 278 | AN6: 150 | AO6: 140.09 | AP6: 145 | AQ6: 202.84 | BA6: 66.68 | BB6: 59.17 | BC6: 305.81 | BD6: 577.37 | BE6: 175.66 | BF6: 126.43 | BG6: 143.63 | BH6: 200.01 | BR6: 75.42 | BS6: 66.22 | BT6: 304.34 | BU6: 592.9 | BV6: 198.22 | BW6: 166.51 | BX6: 165.06 | BY6: 238.75
A7: 5 | B7: 58.29 | C7: 55.16 | D7: 248.85 | E7: 509.98 | F7: 166.25 | G7: 143.25 | H7: 162.35 | I7: 202.97 | S7: 64.21 | T7: 51.89 | U7: 254.46 | V7: 268.18 | W7: 146.96 | X7: 136.59 | Y7: 139.01 | Z7: 198.34 | AJ7: 65 | AK7: 51.73 | AL7: 254.76 | AM7: 268.04 | AN7: 146.73 | AO7: 136.59 | AP7: 138.86 | AQ7: 197.99 | BA7: 64.63 | BB7: 56.9 | BC7: 287.75 | BD7: 553.3 | BE7: 170.07 | BF7: 122.83 | BG7: 138.02 | BH7: 193.52 | BR7: 74.28 | BS7: 64.44 | BT7: 290.51 | BU7: 571.36 | BV7: 193.67 | BW7: 162.08 | BX7: 161.32 | BY7: 230.84
A8: 6 | B8: 56.82 | C8: 53.89 | D8: 233.68 | E8: 493.9 | F8: 161.79 | G8: 137.84 | H8: 155.78 | I8: 197.03 | S8: 63.06 | T8: 51.02 | U8: 248.02 | V8: 261.39 | W8: 144.22 | X8: 133.06 | Y8: 134.76 | Z8: 193.84 | AJ8: 63.64 | AK8: 50.92 | AL8: 248.02 | AM8: 260.79 | AN8: 143.9 | AO8: 133.02 | AP8: 134.42 | AQ8: 193.58 | BA8: 62.63 | BB8: 55.22 | BC8: 272.26 | BD8: 534.02 | BE8: 165.38 | BF8: 119.55 | BG8: 133.7 | BH8: 186.58 | BR8: 73.41 | BS8: 62.68 | BT8: 277.88 | BU8: 551.8 | BV8: 189.98 | BW8: 158.42 | BX8: 158.8 | BY8: 224.77
A9: 7 | B9: 55.59 | C9: 52.53 | D9: 221.06 | E9: 478.13 | F9: 157.07 | G9: 134.4 | H9: 151 | I9: 191.73 | S9: 61.57 | T9: 50.5 | U9: 240.52 | V9: 255 | W9: 141.54 | X9: 130 | Y9: 131.11 | Z9: 189.92 | AJ9: 62.01 | AK9: 50.27 | AL9: 240.45 | AM9: 255 | AN9: 141.39 | AO9: 130 | AP9: 130.86 | AQ9: 189.72 | BA9: 60.49 | BB9: 54 | BC9: 258.45 | BD9: 516.44 | BE9: 161.21 | BF9: 116.74 | BG9: 129.78 | BH9: 182.07 | BR9: 72.49 | BS9: 61.14 | BT9: 267.21 | BU9: 534.98 | BV9: 186.21 | BW9: 154.7 | BX9: 155.85 | BY9: 220
A10: 8 | B10: 54.81 | C10: 51.39 | D10: 212.26 | E10: 461.78 | F10: 153.52 | G10: 130.81 | H10: 147.58 | I10: 186.43 | S10: 60.49 | T10: 50 | U10: 234.05 | V10: 250 | W10: 139.53 | X10: 127.39 | Y10: 128.07 | Z10: 186.28 | AJ10: 60.8 | AK10: 49.87 | AL10: 234.04 | AM10: 250 | AN10: 139.48 | AO10: 127.32 | AP10: 127.94 | AQ10: 186.01 | BA10: 59.01 | BB10: 53 | BC10: 248.95 | BD10: 501.79 | BE10: 158.43 | BF10: 114.22 | BG10: 125.96 | BH10: 177.5 | BR10: 71.56 | BS10: 59.58 | BT10: 256.28 | BU10: 518.48 | BV10: 182.1 | BW10: 151.66 | BX10: 153.68 | BY10: 215.56
A11: 9 | B11: 54 | C11: 50.18 | D11: 203.09 | E11: 450.66 | F11: 150.68 | G11: 128.14 | H11: 143.5 | I11: 182.34 | S11: 59.83 | T11: 49.26 | U11: 228.86 | V11: 247.45 | W11: 137.74 | X11: 125 | Y11: 125.22 | Z11: 183.4 | AJ11: 59.97 | AK11: 49.16 | AL11: 228.86 | AM11: 247.37 | AN11: 137.67 | AO11: 124.98 | AP11: 125.21 | AQ11: 183.13 | BA11: 57.61 | BB11: 52.03 | BC11: 240 | BD11: 485 | BE11: 154.66 | BF11: 111.8 | BG11: 123.82 | BH11: 173.97 | BR11: 70.69 | BS11: 58.35 | BT11: 250.01 | BU11: 502.69 | BV11: 179.66 | BW11: 148.97 | BX11: 151.78 | BY11: 212.46
A12: 10 | B12: 53.2 | C12: 49.2 | D12: 197.53 | E12: 439.44 | F12: 147.16 | G12: 125.25 | H12: 140.93 | I12: 178.76 | S12: 59.21 | T12: 48.61 | U12: 223 | V12: 243.47 | W12: 135.86 | X12: 122.75 | Y12: 123.52 | Z12: 180.24 | AJ12: 59.38 | AK12: 48.42 | AL12: 223 | AM12: 243.47 | AN12: 135.72 | AO12: 122.58 | AP12: 123.49 | AQ12: 180.04 | BA12: 56.42 | BB12: 50.9 | BC12: 230.25 | BD12: 472.39 | BE12: 151.97 | BF12: 109.88 | BG12: 121.32 | BH12: 170.37 | BR12: 69.73 | BS12: 57.26 | BT12: 243.02 | BU12: 493.05 | BV12: 175.46 | BW12: 145.72 | BX12: 150.05 | BY12: 208.34
A13: 11 | B13: 52.74 | C13: 48.27 | D13: 190 | E13: 428.82 | F13: 144.8 | G13: 123.01 | H13: 137.73 | I13: 175.55 | S13: 58.8 | T13: 48 | U13: 218.3 | V13: 240 | W13: 134.1 | X13: 120.75 | Y13: 121.29 | Z13: 176.59 | AJ13: 58.9 | AK13: 47.86 | AL13: 218.3 | AM13: 240 | AN13: 134 | AO13: 120.72 | AP13: 121.16 | AQ13: 176.48 | BA13: 55.39 | BB13: 50 | BC13: 223.24 | BD13: 461.16 | BE13: 149.68 | BF13: 108.05 | BG13: 119.39 | BH13: 167.4 | BR13: 68.65 | BS13: 56.05 | BT13: 236.88 | BU13: 480.21 | BV13: 172.81 | BW13: 143.4 | BX13: 148.95 | BY13: 205.19
... A102: 100 | B102: -90.01 | C102: -83.94 | D102: -69 | E102: -19.04 | F102: -500 | G102: -135.45 | H102: -250.32 | I102: -499 | S102: 0.03 | T102: 1.02 | U102: 0.01 | V102: 0 | W102: 0 | X102: -2 | Y102: -15 | Z102: -9.82 | AJ102: 0.01 | AK102: 1.02 | AL102: 0 | AM102: 0 | AN102: 0 | AO102: -2 | AP102: -5 | AQ102: -9.82 | BA102: -24.92 | BB102: -75.82 | BC102: -66.18 | BD102: -1.44 | BE102: -134.94 | BF102: -87.29 | BG102: -118.01 | BH102: -496.86 | BR102: 1 | BS102: 0 | BT102: 3 | BU102: 10 | BV102: 2.36 | BW102: 0.1 | BX102: 0 | BY102: 0

Sheet Fig5_Capture
A1: technology | B1: DE_2019 | C1: DE_2020 | D1: DE_2021 | E1: DE_2022 | F1: DE_2023 | G1: DE_2024 | H1: DE_2025 | I1: DE_2026 | J1: DE_2027 | K1: DE_2028 | L1: DE_2029 | M1: DE_2030 | N1: DE_2031 | O1: DE_2032 | P1: DE_2033 | Q1: DE_2034 | R1: DE_2035 | S1: ES_2019 | T1: ES_2020 | U1: ES_2021 | V1: ES_2022 | W1: ES_2023 | X1: ES_2024 | Y1: ES_2025 | Z1: ES_2026 | AA1: ES_2027 | AB1: ES_2028 | AC1: ES_2029 | AD1: ES_2030 | AE1: ES_2031 | AF1: ES_2032 | AG1: ES_2033 | AH1: ES_2034 | AI1: ES_2035 | AJ1: PT_2019 | AK1: PT_2020 | AL1: PT_2021 | AM1: PT_2022 | AN1: PT_2023 | AO1: PT_2024 | AP1: PT_2025 | AQ1: PT_2026 | AR1: PT_2027 | AS1: PT_2028 | AT1: PT_2029 | AU1: PT_2030 | AV1: PT_2031 | AW1: PT_2032 | AX1: PT_2033 | AY1: PT_2034 | AZ1: PT_2035 | BA1: FR_2019 | BB1: FR_2020 | BC1: FR_2021 | BD1: FR_2022 | BE1: FR_2023 | BF1: FR_2024 | BG1: FR_2025 | BH1: FR_2026 | BI1: FR_2027 | BJ1: FR_2028 | BK1: FR_2029 | BL1: FR_2030 | BM1: FR_2031 | BN1: FR_2032 | BO1: FR_2033 | BP1: FR_2034 | BQ1: FR_2035 | BR1: IT_2019 | BS1: IT_2020 | BT1: IT_2021 | BU1: IT_2022 | BV1: IT_2023 | BW1: IT_2024 | BX1: IT_2025 | BY1: IT_2026 | BZ1: IT_2027 | CA1: IT_2028 | CB1: IT_2029 | CC1: IT_2030 | CD1: IT_2031 | CE1: IT_2032 | CF1: IT_2033 | CG1: IT_2034 | CH1: IT_2035
A2: Solar | B2: -7.33 | C2: -19.56 | D2: -22.09 | E2: -5.59 | F2: -24.16 | G2: -41.12 | H2: -48.44 | I2: -46.74 | S2: 1.89 | T2: -3.13 | U2: -8.53 | V2: -9.92 | W2: -16.44 | X2: -32.74 | Y2: -44.59 | Z2: -48.33 | AJ2: 1.86 | AK2: -2.22 | AL2: -4.04 | AM2: -10.08 | AN2: -17.28 | AO2: -32.7 | AP2: -46.6 | AQ2: -49.22 | BA2: -4.29 | BB2: -7.28 | BC2: -13.64 | BD2: 5.67 | BE2: -13.69 | BF2: -32.35 | BG2: -40.95 | BH2: -44.44 | BR2: -3.14 | BS2: -11.06 | BT2: -13.22 | BU2: 1.2 | BV2: -12.83 | BW2: -11.13 | BX2: -17.07 | BY2: -15.65
A3: Onshore wind | B3: -14.2 | C3: -19.34 | D3: -16.64 | E3: -28.51 | F3: -17.43 | G3: -17.78 | H3: -13.4 | I3: -12.11 | S3: -4.25 | T3: -4.64 | U3: -7.28 | V3: -4.17 | W3: -12.51 | X3: -12.01 | Y3: -3.21 | Z3: -8.15 | AJ3: -5.91 | AK3: -5 | AL3: -1.64 | AM3: -5.54 | AN3: -13.08 | AO3: -12.95 | AP3: -8.34 | AQ3: -17.24 | BA3: -5.4 | BB3: -6.38 | BC3: -6.07 | BD3: -15.16 | BE3: -10.87 | BF3: -9.93 | BG3: -10.35 | BH3: -11.58 | BR3: -1.1 | BS3: -3.55 | BT3: 1.42 | BU3: -6.31 | BV3: -0.49 | BW3: -4.48 | BX3: -1.76 | BY3: -6.05
A4: Offshore wind | B4: -7.74 | C4: -8.62 | D4: -4.65 | E4: -17.4 | F4: -9.06 | G4: -9.05 | H4: -4.24 | I4: -6.16 | AL4: 27.21 | AM4: -6.35 | AN4: -7.71 | AO4: -10.99 | AP4: -5.42 | AQ4: -12.69 | BF4: -7.88 | BG4: -10.46 | BH4: -8.38 | BV4: -0.1 | BW4: -6.15 | BX4: -3.15 | BY4: -8.49
A5: Hydro pumped (production) | B5: 24.06 | C5: -0.24 | D5: 28.48 | E5: 27.07 | F5: 31.97 | G5: 44.68 | H5: 45.52 | I5: 48.24 | W5: 22.47 | X5: 27.55 | Y5: 41.91 | Z5: 50.13 | AJ5: 3.89 | AK5: 15.08 | AL5: 8.18 | AM5: 9.31 | AN5: 13.55 | AO5: 21.55 | AP5: 42.32 | AQ5: 39.53 | BA5: 26.39 | BB5: 28.06 | BC5: 32.5 | BD5: 20.33 | BE5: 29.25 | BF5: 48.57 | BG5: 45.9 | BH5: 37.59 | BR5: 17.04 | BS5: 28.3 | BT5: 16.54 | BU5: 24.4 | BV5: 12.6 | BW5: 14.81 | BX5: 18.29 | BY5: 22.82
A6: Hydro reservoir | B6: 11.71 | C6: 18.58 | D6: 11.18 | E6: 20.16 | F6: 16.6 | G6: 28.44 | H6: 27.45 | I6: 27.97 | S6: 1.63 | T6: 9.28 | U6: -11.12 | V6: 10.05 | W6: 6.79 | X6: 4.2 | Y6: 20.57 | Z6: 7.66 | AJ6: 0.92 | AK6: 15.14 | AL6: -6.24 | AM6: -7.7 | AN6: 2.03 | AO6: -3.17 | AP6: 25.67 | AQ6: 11.5 | BA6: 13.7 | BB6: 8.43 | BC6: -2.24 | BD6: 13.48 | BE6: 14.59 | BF6: 19.13 | BG6: 38.46 | BH6: 19.72 | BR6: 6.68 | BS6: 10.6 | BT6: -3.11 | BU6: 16.04 | BV6: 3.31 | BW6: 6.32 | BX6: 8.5 | BY6: 13.21
A7: Hydro run-of-river | B7: -0.23 | C7: -0.51 | D7: -6.69 | E7: 0.45 | F7: -1.62 | G7: -0.48 | H7: 1.06 | I7: -1.5 | S7: -0.49 | T7: -3.04 | U7: -13.44 | V7: 2.69 | W7: -2.34 | X7: -5.67 | Y7: 1.06 | Z7: -14.23 | AJ7: 1.09 | AK7: 6.86 | AL7: -23.11 | AM7: 4.47 | AN7: 6.25 | AO7: -1.33 | AP7: 15.66 | AQ7: 6.54 | BA7: 1.7 | BB7: -1.79 | BC7: -8.78 | BD7: -4.8 | BE7: 1.66 | BF7: 0.93 | BG7: 10.35 | BH7: -7.18 | BR7: 2.01 | BS7: 2.6 | BT7: -3.5 | BU7: 6.61 | BV7: -1.3 | BW7: 2.21 | BX7: 0.49 | BY7: 1.42
A8: Biomass | B8: 0.47 | C8: 0.27 | D8: 1.01 | E8: 0.08 | F8: 1.97 | G8: 2.51 | H8: 3.94 | I8: 2.56 | S8: 0.37 | T8: 1.58 | U8: 4.14 | V8: 3.19 | W8: 7.27 | X8: 4.01 | Y8: 4.68 | Z8: 6.95 | AJ8: -1.15 | AK8: 0.32 | AL8: 0.11 | AM8: 1.46 | AN8: 0.5 | AO8: -2.24 | AP8: 0.61 | AQ8: 2.63 | BA8: -0.66 | BB8: 0.23 | BC8: 0.06 | BD8: -2.22 | BE8: 1.12 | BF8: -0.1 | BG8: 4.37 | BH8: -5.91 | BR8: -0.62 | BS8: 0.06 | BT8: 0.63 | BU8: 0.54 | BV8: 1.34 | BW8: -0.11 | BX8: -1.07 | BY8: 0.94
A9: Gas | B9: 10.46 | C9: 16.74 | D9: 10.99 | E9: 9.13 | F9: 15.38 | G9: 20.94 | H9: 23.59 | I9: 13.82 | S9: 3.19 | T9: 8.21 | U9: 19.73 | V9: 4.11 | W9: 16.67 | X9: 32.97 | Y9: 23.68 | Z9: 38.56 | AJ9: 4.56 | AK9: 13.21 | AL9: 14.65 | AM9: 6.63 | AN9: 23.35 | AO9: 29.24 | AP9: 9.66 | AQ9: 0.24 | BA9: 14.88 | BB9: 18.51 | BC9: 23.49 | BD9: 4.4 | BE9: 24.73 | BF9: 42.51 | BG9: 57.27 | BH9: 41.13 | BR9: 5.91 | BS9: 10.27 | BT9: 11.72 | BU9: 6.62 | BV9: 6.8 | BW9: 9.71 | BX9: 9.11 | BY9: 9.33
A10: Lignite | B10: 8.6 | C10: 17.39 | D10: 10.31 | E10: 6.6 | F10: 15.59 | G10: 16.3 | H10: 16.68 | I10: 15.32 | S10: 29.9
A11: Hard coal | B11: 19.03 | C11: 29.81 | D11: 29.5 | E11: 15.27 | F11: 22.52 | G11: 20.64 | H11: 25.12 | I11: 17.11 | S11: 13.18 | T11: 5.31 | U11: 21.69 | V11: 4.67 | W11: 8.34 | X11: 7.79 | Y11: 16.5 | Z11: 46.35 | AJ11: 15.46 | AK11: 29.58 | AL11: -3.18 | BA11: 41.29 | BB11: 49.15 | BC11: 34.31 | BD11: 2.95 | BE11: 48.34 | BF11: 63 | BG11: 84.75 | BH11: 28.14 | BR11: 5.95 | BS11: 5.35 | BT11: 14.33 | BU11: 2.24 | BV11: 8.63 | BW11: 0.25 | BX11: 1.84 | BY11: 6.89
A12: Nuclear | B12: 1.88 | C12: 2.99 | D12: 1.1 | E12: 1.69 | F12: 19.29 | S12: 0.59 | T12: 2.55 | U12: -2.69 | V12: 0.35 | W12: 1.46 | X12: 3.52 | Y12: 6.02 | Z12: 3.79 | BA12: 2.67 | BB12: 2.41 | BC12: 1.09 | BD12: -2.89 | BE12: 2.89 | BF12: 6.9 | BG12: 8.17 | BH12: 0.4
A13: Solar | B13: -7.33 | C13: -19.56 | D13: -22.09 | E13: -5.59 | F13: -24.16 | G13: -41.12 | H13: -48.44 | I13: -46.74 | S13: 1.89 | T13: -3.13 | U13: -8.53 | V13: -9.92 | W13: -16.44 | X13: -32.74 | Y13: -44.59 | Z13: -48.33 | AJ13: 1.86 | AK13: -2.22 | AL13: -4.04 | AM13: -10.08 | AN13: -17.28 | AO13: -32.7 | AP13: -46.6 | AQ13: -49.22 | BA13: -4.29 | BB13: -7.28 | BC13: -13.64 | BD13: 5.67 | BE13: -13.69 | BF13: -32.35 | BG13: -40.95 | BH13: -44.44 | BR13: -3.14 | BS13: -11.06 | BT13: -13.22 | BU13: 1.2 | BV13: -12.83 | BW13: -11.13 | BX13: -17.07 | BY13: -15.65
A14: Onshore wind | B14: -14.2 | C14: -19.34 | D14: -16.64 | E14: -28.51 | F14: -17.43 | G14: -17.78 | H14: -13.4 | I14: -12.11 | S14: -4.25 | T14: -4.64 | U14: -7.28 | V14: -4.17 | W14: -12.51 | X14: -12.01 | Y14: -3.21 | Z14: -8.15 | AJ14: -5.91 | AK14: -5 | AL14: -1.64 | AM14: -5.54 | AN14: -13.08 | AO14: -12.95 | AP14: -8.34 | AQ14: -17.24 | BA14: -5.4 | BB14: -6.38 | BC14: -6.07 | BD14: -15.16 | BE14: -10.87 | BF14: -9.93 | BG14: -10.35 | BH14: -11.58 | BR14: -1.1 | BS14: -3.55 | BT14: 1.42 | BU14: -6.31 | BV14: -0.49 | BW14: -4.48 | BX14: -1.76 | BY14: -6.05
A15: Hydro run-of-river | B15: -0.23 | C15: -0.51 | D15: -6.69 | E15: 0.45 | F15: -1.62 | G15: -0.48 | H15: 1.06 | I15: -1.5 | S15: -0.49 | T15: -3.04 | U15: -13.44 | V15: 2.69 | W15: -2.34 | X15: -5.67 | Y15: 1.06 | Z15: -14.23 | AJ15: 1.09 | AK15: 6.86 | AL15: -23.11 | AM15: 4.47 | AN15: 6.25 | AO15: -1.33 | AP15: 15.66 | AQ15: 6.54 | BA15: 1.7 | BB15: -1.79 | BC15: -8.78 | BD15: -4.8 | BE15: 1.66 | BF15: 0.93 | BG15: 10.35 | BH15: -7.18 | BR15: 2.01 | BS15: 2.6 | BT15: -3.5 | BU15: 6.61 | BV15: -1.3 | BW15: 2.21 | BX15: 0.49 | BY15: 1.42
A16: Hydro reservoir | B16: 11.71 | C16: 18.58 | D16: 11.18 | E16: 20.16 | F16: 16.6 | G16: 28.44 | H16: 27.45 | I16: 27.97 | S16: 1.63 | T16: 9.28 | U16: -11.12 | V16: 10.05 | W16: 6.79 | X16: 4.2 | Y16: 20.57 | Z16: 7.66 | AJ16: 0.92 | AK16: 15.14 | AL16: -6.24 | AM16: -7.7 | AN16: 2.03 | AO16: -3.17 | AP16: 25.67 | AQ16: 11.5 | BA16: 13.7 | BB16: 8.43 | BC16: -2.24 | BD16: 13.48 | BE16: 14.59 | BF16: 19.13 | BG16: 38.46 | BH16: 19.72 | BR16: 6.68 | BS16: 10.6 | BT16: -3.11 | BU16: 16.04 | BV16: 3.31 | BW16: 6.32 | BX16: 8.5 | BY16: 13.21
A17: Hydro pumped (production) | B17: 24.06 | C17: -0.24 | D17: 28.48 | E17: 27.07 | F17: 31.97 | G17: 44.68 | H17: 45.52 | I17: 48.24 | W17: 22.47 | X17: 27.55 | Y17: 41.91 | Z17: 50.13 | AJ17: 3.89 | AK17: 15.08 | AL17: 8.18 | AM17: 9.31 | AN17: 13.55 | AO17: 21.55 | AP17: 42.32 | AQ17: 39.53 | BA17: 26.39 | BB17: 28.06 | BC17: 32.5 | BD17: 20.33 | BE17: 29.25 | BF17: 48.57 | BG17: 45.9 | BH17: 37.59 | BR17: 17.04 | BS17: 28.3 | BT17: 16.54 | BU17: 24.4 | BV17: 12.6 | BW17: 14.81 | BX17: 18.29 | BY17: 22.82
A18: Biomass | B18: 0.47 | C18: 0.27 | D18: 1.01 | E18: 0.08 | F18: 1.97 | G18: 2.51 | H18: 3.94 | I18: 2.56 | S18: 0.37 | T18: 1.58 | U18: 4.14 | V18: 3.19 | W18: 7.27 | X18: 4.01 | Y18: 4.68 | Z18: 6.95 | AJ18: -1.15 | AK18: 0.32 | AL18: 0.11 | AM18: 1.46 | AN18: 0.5 | AO18: -2.24 | AP18: 0.61 | AQ18: 2.63 | BA18: -0.66 | BB18: 0.23 | BC18: 0.06 | BD18: -2.22 | BE18: 1.12 | BF18: -0.1 | BG18: 4.37 | BH18: -5.91 | BR18: -0.62 | BS18: 0.06 | BT18: 0.63 | BU18: 0.54 | BV18: 1.34 | BW18: -0.11 | BX18: -1.07 | BY18: 0.94
A19: Gas | B19: 10.46 | C19: 16.74 | D19: 10.99 | E19: 9.13 | F19: 15.38 | G19: 20.94 | H19: 23.59 | I19: 13.82 | S19: 3.19 | T19: 8.21 | U19: 19.73 | V19: 4.11 | W19: 16.67 | X19: 32.97 | Y19: 23.68 | Z19: 38.56 | AJ19: 4.56 | AK19: 13.21 | AL19: 14.65 | AM19: 6.63 | AN19: 23.35 | AO19: 29.24 | AP19: 9.66 | AQ19: 0.24 | BA19: 14.88 | BB19: 18.51 | BC19: 23.49 | BD19: 4.4 | BE19: 24.73 | BF19: 42.51 | BG19: 57.27 | BH19: 41.13 | BR19: 5.91 | BS19: 10.27 | BT19: 11.72 | BU19: 6.62 | BV19: 6.8 | BW19: 9.71 | BX19: 9.11 | BY19: 9.33
A20: Oil & other fossil | B20: 1.26 | C20: 1.83 | D20: -0.77 | E20: 1.61 | F20: 0.36 | G20: 1.86 | H20: 3.92 | I20: 1.02 | S20: 2.71 | T20: 1.65 | U20: 5.72 | V20: 10.37 | W20: 13.39 | X20: 6.34 | Y20: 14.96 | Z20: 13.9 | BA20: 7.68 | BB20: 7.03 | BC20: 13.95 | BD20: 8.27 | BE20: 10.79 | BF20: 7.07 | BG20: 23.86 | BH20: 30.08 | BR20: 2.94 | BS20: 11.56 | BT20: 25.18 | BU20: 8.03 | BV20: 18.9 | BW20: 13.96 | BX20: -1.27 | BY20: 15.83
A21: Waste | B21: 0.07 | C21: 1.02 | D21: 2.01 | E21: -0.38 | F21: 0.13 | G21: 0.45 | H21: 1.15 | I21: 1.98 | S21: 0.63 | T21: 1.76 | U21: -0.11 | V21: 3.33 | W21: 2.91 | X21: 4.37 | Y21: 6.04 | Z21: 9.94 | BA21: 1.56 | BB21: 1.69 | BC21: 0.42 | BD21: -1.18 | BE21: 2.09 | BF21: 4.83 | BG21: -1.56 | BH21: 1.27 | BR21: 0.49 | BS21: 0.79 | BT21: -3.5 | BU21: 1.78 | BV21: -6.6 | BW21: -0.45 | BX21: -1.65 | BY21: -10.9
A22: Geothermal | B22: 0.45 | C22: 0.36 | D22: 4.76 | E22: -3.8 | F22: 1.59 | G22: 2.11 | H22: 3.96 | I22: -0.59 | BR22: 0 | BS22: -0.14 | BT22: -0.23 | BU22: -0.41 | BV22: 0.02 | BW22: -2.57 | BX22: -3.13 | BY22: 1.39
A23: Marine
A24: Other renewable | B24: 1.6 | C24: 2.2 | D24: 4.14 | E24: -2.15 | F24: 4.08 | G24: 0.89 | H24: 1.71 | I24: -0.94 | S24: 0.64 | T24: 0.66 | U24: 1.14 | V24: 2.62 | W24: 1.54 | X24: 1.86 | Y24: 4.39 | Z24: 1.61 | BX24: 24.01
A25: Other | B25: 2.92 | C25: 4.22 | D25: 3.51 | E25: -0.42 | F25: 5.27 | G25: 6.27 | H25: 7.22 | I25: 2.23 | S25: 1.12 | T25: 0.43 | U25: -0.04 | V25: -0.66 | W25: 2.82 | X25: 19.33 | Y25: 3.68 | Z25: 17.69 | AJ25: 3.01 | AK25: 0.45 | AL25: -1.86 | AM25: -0.18 | AN25: 2.52 | AO25: 0.4 | AP25: 3.31 | AQ25: 0.42 | BH25: 48.41 | BR25: 3.54 | BS25: 4.59 | BT25: 3.11 | BU25: 2.17 | BV25: 4.68 | BW25: 3.09 | BX25: 3.05 | BY25: 3.12

Sheet Fig6_MinMax
A1: doy | B1: DE_2019_min | C1: DE_2020_min | D1: DE_2021_min | E1: DE_2022_min | F1: DE_2023_min | G1: DE_2024_min | H1: DE_2025_min | I1: DE_2026_min | J1: DE_2027_min | K1: DE_2028_min | L1: DE_2029_min | M1: DE_2030_min | N1: DE_2031_min | O1: DE_2032_min | P1: DE_2033_min | Q1: DE_2034_min | R1: DE_2035_min | S1: ES_2019_min | T1: ES_2020_min | U1: ES_2021_min | V1: ES_2022_min | W1: ES_2023_min | X1: ES_2024_min | Y1: ES_2025_min | Z1: ES_2026_min | AA1: ES_2027_min | AB1: ES_2028_min | AC1: ES_2029_min | AD1: ES_2030_min | AE1: ES_2031_min | AF1: ES_2032_min | AG1: ES_2033_min | AH1: ES_2034_min | AI1: ES_2035_min | AJ1: PT_2019_min | AK1: PT_2020_min | AL1: PT_2021_min | AM1: PT_2022_min | AN1: PT_2023_min | AO1: PT_2024_min | AP1: PT_2025_min | AQ1: PT_2026_min | AR1: PT_2027_min | AS1: PT_2028_min | AT1: PT_2029_min | AU1: PT_2030_min | AV1: PT_2031_min | AW1: PT_2032_min | AX1: PT_2033_min | AY1: PT_2034_min | AZ1: PT_2035_min | BA1: FR_2019_min | BB1: FR_2020_min | BC1: FR_2021_min | BD1: FR_2022_min | BE1: FR_2023_min | BF1: FR_2024_min | BG1: FR_2025_min | BH1: FR_2026_min | BI1: FR_2027_min | BJ1: FR_2028_min | BK1: FR_2029_min | BL1: FR_2030_min | BM1: FR_2031_min | BN1: FR_2032_min | BO1: FR_2033_min | BP1: FR_2034_min | BQ1: FR_2035_min | BR1: IT_2019_min | BS1: IT_2020_min | BT1: IT_2021_min | BU1: IT_2022_min | BV1: IT_2023_min | BW1: IT_2024_min | BX1: IT_2025_min | BY1: IT_2026_min | BZ1: IT_2027_min | CA1: IT_2028_min | CB1: IT_2029_min | CC1: IT_2030_min | CD1: IT_2031_min | CE1: IT_2032_min | CF1: IT_2033_min | CG1: IT_2034_min | CH1: IT_2035_min | CI1: DE_2019_max | CJ1: DE_2020_max | CK1: DE_2021_max | CL1: DE_2022_max | CM1: DE_2023_max | CN1: DE_2024_max | CO1: DE_2025_max | CP1: DE_2026_max | CQ1: DE_2027_max | CR1: DE_2028_max | CS1: DE_2029_max | CT1: DE_2030_max | CU1: DE_2031_max | CV1: DE_2032_max | CW1: DE_2033_max | CX1: DE_2034_max | CY1: DE_2035_max | CZ1: ES_2019_max | DA1: ES_2020_max | DB1: ES_2021_max | DC1: ES_2022_max | DD1: ES_2023_max | DE1: ES_2024_max | DF1: ES_2025_max | DG1: ES_2026_max | DH1: ES_2027_max | DI1: ES_2028_max | DJ1: ES_2029_max | DK1: ES_2030_max | DL1: ES_2031_max | DM1: ES_2032_max | DN1: ES_2033_max | DO1: ES_2034_max | DP1: ES_2035_max | DQ1: PT_2019_max | DR1: PT_2020_max | DS1: PT_2021_max | DT1: PT_2022_max | DU1: PT_2023_max | DV1: PT_2024_max | DW1: PT_2025_max | DX1: PT_2026_max | DY1: PT_2027_max | DZ1: PT_2028_max | EA1: PT_2029_max | EB1: PT_2030_max | EC1: PT_2031_max | ED1: PT_2032_max | EE1: PT_2033_max | EF1: PT_2034_max | EG1: PT_2035_max | EH1: FR_2019_max | EI1: FR_2020_max | EJ1: FR_2021_max | EK1: FR_2022_max | EL1: FR_2023_max | EM1: FR_2024_max | EN1: FR_2025_max | EO1: FR_2026_max | EP1: FR_2027_max | EQ1: FR_2028_max | ER1: FR_2029_max | ES1: FR_2030_max | ET1: FR_2031_max | EU1: FR_2032_max | EV1: FR_2033_max | EW1: FR_2034_max | EX1: FR_2035_max | EY1: IT_2019_max | EZ1: IT_2020_max | FA1: IT_2021_max | FB1: IT_2022_max | FC1: IT_2023_max | FD1: IT_2024_max | FE1: IT_2025_max | FF1: IT_2026_max | FG1: IT_2027_max | FH1: IT_2028_max | FI1: IT_2029_max | FJ1: IT_2030_max | FK1: IT_2031_max | FL1: IT_2032_max | FM1: IT_2033_max | FN1: IT_2034_max | FO1: IT_2035_max | FP1: DE_2019_mean | FQ1: DE_2020_mean | FR1: DE_2021_mean | FS1: DE_2022_mean | FT1: DE_2023_mean | FU1: DE_2024_mean | FV1: DE_2025_mean | FW1: DE_2026_mean | FX1: DE_2027_mean | FY1: DE_2028_mean | FZ1: DE_2029_mean | GA1: DE_2030_mean | GB1: DE_2031_mean | GC1: DE_2032_mean | GD1: DE_2033_mean | GE1: DE_2034_mean | GF1: DE_2035_mean | GG1: ES_2019_mean | GH1: ES_2020_mean | GI1: ES_2021_mean | GJ1: ES_2022_mean | GK1: ES_2023_mean | GL1: ES_2024_mean | GM1: ES_2025_mean | GN1: ES_2026_mean | GO1: ES_2027_mean | GP1: ES_2028_mean | GQ1: ES_2029_mean | GR1: ES_2030_mean | GS1: ES_2031_mean | GT1: ES_2032_mean | GU1: ES_2033_mean | GV1: ES_2034_mean | GW1: ES_2035_mean | GX1: PT_2019_mean | GY1: PT_2020_mean | GZ1: PT_2021_mean | HA1: PT_2022_mean | HB1: PT_2023_mean | HC1: PT_2024_mean | HD1: PT_2025_mean | HE1: PT_2026_mean | HF1: PT_2027_mean | HG1: PT_2028_mean | HH1: PT_2029_mean | HI1: PT_2030_mean | HJ1: PT_2031_mean | HK1: PT_2032_mean | HL1: PT_2033_mean | HM1: PT_2034_mean | HN1: PT_2035_mean | HO1: FR_2019_mean | HP1: FR_2020_mean | HQ1: FR_2021_mean | HR1: FR_2022_mean | HS1: FR_2023_mean | HT1: FR_2024_mean | HU1: FR_2025_mean | HV1: FR_2026_mean | HW1: FR_2027_mean | HX1: FR_2028_mean | HY1: FR_2029_mean | HZ1: FR_2030_mean | IA1: FR_2031_mean | IB1: FR_2032_mean | IC1: FR_2033_mean | ID1: FR_2034_mean | IE1: FR_2035_mean | IF1: IT_2019_mean | IG1: IT_2020_mean | IH1: IT_2021_mean | II1: IT_2022_mean | IJ1: IT_2023_mean | IK1: IT_2024_mean | IL1: IT_2025_mean | IM1: IT_2026_mean | IN1: IT_2027_mean | IO1: IT_2028_mean | IP1: IT_2029_mean | IQ1: IT_2030_mean | IR1: IT_2031_mean | IS1: IT_2032_mean | IT1: IT_2033_mean | IU1: IT_2034_mean | IV1: IT_2035_mean
A2: 1 | B2: -33.57 | C2: 30 | D2: 39.63 | E2: 37.67 | F2: -5.4 | G2: -0.05 | H2: -1.01 | I2: -0.01 | S2: 55.47 | T2: 30 | U2: 35.5 | V2: 70.05 | W2: 0 | X2: 1.73 | Y2: 10.68 | Z2: 52.8 | AJ2: 55.47 | AK2: 30 | AL2: 35.5 | AM2: 70.05 | AN2: 0 | AO2: 1.73 | AP2: 20.59 | AQ2: 52.8 | BA2: 20.9 | BB2: 30 | BC2: 39.63 | BD2: 37.67 | BE2: -4.37 | BF2: -0.04 | BG2: 5.9 | BH2: 20.68 | BR2: 20 | BS2: 30 | BT2: 39.63 | BU2: 67.99 | BV2: 165.89 | BW2: 85 | BX2: 116.68 | BY2: 92.76 | CI2: 10.07 | CJ2: 44.05 | CK2: 60.61 | CL2: 149.97 | CM2: 57.91 | CN2: 58 | CO2: 10.05 | CP2: 42.4 | CZ2: 68.07 | DA2: 46.16 | DB2: 57.4 | DC2: 190.81 | DD2: 61.38 | DE2: 60.9 | DF2: 152.99 | DG2: 106.78 | DQ2: 68.07 | DR2: 46.16 | DS2: 57.4 | DT2: 190.81 | DU2: 61.38 | DV2: 60.9 | DW2: 152.99 | DX2: 106.78 | EH2: 65.56 | EI2: 46.16 | EJ2: 60.61 | EK2: 149.97 | EL2: 61.38 | EM2: 54.97 | EN2: 50.14 | EO2: 82.33 | EY2: 66.25 | EZ2: 48.99 | FA2: 60.61 | FB2: 214.66 | FC2: 243.42 | FD2: 132 | FE2: 174 | FF2: 120.41 | FP2: -6.88 | FQ2: 34.69 | FR2: 48.22 | FS2: 82.87 | FT2: 17.54 | FU2: 17.45 | FV2: 0.97 | FW2: 7.73 | GG2: 63.24 | GH2: 35.27 | GI2: 42.34 | GJ2: 122.1 | GK2: 9.26 | GL2: 35.18 | GM2: 101.04 | GN2: 80.68 | GX2: 63.24 | GY2: 35.27 | GZ2: 42.34 | HA2: 122.1 | HB2: 9.26 | HC2: 36.7 | HD2: 103.73 | HE2: 80.68 | HO2: 41.33 | HP2: 34.94 | HQ2: 48.22 | HR2: 85.75 | HS2: 17.47 | HT2: 13.94 | HU2: 23.74 | HV2: 46.67 | IF2: 44.19 | IG2: 35.53 | IH2: 47.99 | II2: 149.9 | IJ2: 192.78 | IK2: 105.65 | IL2: 140.41 | IM2: 106.14
A3: 2 | B3: -48.93 | C3: 21.47 | D3: 37.55 | E3: 0.31 | F3: 44.09 | G3: -0.08 | H3: 1.56 | I3: 0.24 | S3: 45.24 | T3: 28.42 | U3: 37.55 | V3: 103.7 | W3: 42 | X3: 3.99 | Y3: 99.82 | Z3: 55.01 | AJ3: 51.09 | AK3: 28.42 | AL3: 37.55 | AM3: 109.8 | AN3: 42 | AO3: 6.8 | AP3: 101.88 | AQ3: 55.01 | BA3: 25.84 | BB3: 28.42 | BC3: 37.55 | BD3: 2.71 | BE3: 42.75 | BF3: 0.01 | BG3: 40.15 | BH3: 17.31 | BR3: 36 | BS3: 28.79 | BT3: 30.55 | BU3: 100 | BV3: 170.77 | BW3: 82.5 | BX3: 115.78 | BY3: 90 | CI3: 62.11 | CJ3: 46.72 | CK3: 63.08 | CL3: 70.09 | CM3: 174.74 | CN3: 83.46 | CO3: 152.94 | CP3: 89.15 | CZ3: 69.3 | DA3: 46.72 | DB3: 60.43 | DC3: 209.1 | DD3: 174.74 | DE3: 62.45 | DF3: 161.1 | DG3: 107 | DQ3: 69.3 | DR3: 46.72 | DS3: 60.43 | DT3: 209.1 | DU3: 174.74 | DV3: 62.45 | DW3: 161.1 | DX3: 107 | EH3: 69.3 | EI3: 46.72 | EJ3: 63.08 | EK3: 70.09 | EL3: 174.74 | EM3: 62.45 | EN3: 153.4 | EO3: 103.6 | EY3: 74.6 | EZ3: 61.96 | FA3: 65.72 | FB3: 245 | FC3: 262 | FD3: 130 | FE3: 170 | FF3: 120.9 | FP3: 29.1 | FQ3: 38.29 | FR3: 50.54 | FS3: 44.99 | FT3: 126.82 | FU3: 51.8 | FV3: 96.95 | FW3: 57.63 | GG3: 60.55 | GH3: 39.85 | GI3: 48.7 | GJ3: 138.98 | GK3: 115.41 | GL3: 39.62 | GM3: 133.37 | GN3: 82.93 | GX3: 61.6 | GY3: 39.85 | GZ3: 48.7 | HA3: 139.76 | HB3: 112.94 | HC3: 40.49 | HD3: 133.72 | HE3: 82.93 | HO3: 54.02 | HP3: 39.32 | HQ3: 50.54 | HR3: 46.85 | HS3: 127.44 | HT3: 35.43 | HU3: 110.35 | HV3: 70.27 | IF3: 58.81 | IG3: 45.77 | IH3: 51.23 | II3: 166.21 | IJ3: 201.34 | IK3: 106.34 | IL3: 138.76 | IM3: 104.85
A4: 3 | B4: 43.88 | C4: 0.14 | D4: 27.39 | E4: -1.05 | F4: 80.89 | G4: -1.38 | H4: 69.94 | I4: 73.02 | S4: 50.2 | T4: 29.74 | U4: 35.5 | V4: 100.36 | W4: 113.63 | X4: 2.21 | Y4: 88.46 | Z4: 73.94 | AJ4: 50.2 | AK4: 29.74 | AL4: 37.45 | AM4: 100.36 | AN4: 113.63 | AO4: 2.21 | AP4: 90.01 | AQ4: 73.94 | BA4: 43.88 | BB4: 22.56 | BC4: 35.5 | BD4: 0.06 | BE4: 82.03 | BF4: -0.05 | BG4: 84.06 | BH4: 73.94 | BR4: 40.42 | BS4: 28.5 | BT4: 35.5 | BU4: 83.27 | BV4: 113.63 | BW4: 40 | BX4: 97 | BY4: 89.94 | CI4: 69.55 | CJ4: 41.35 | CK4: 52.56 | CL4: 148.49 | CM4: 171.18 | CN4: 82.97 | CO4: 116.66 | CP4: 110.82 | CZ4: 71.1 | DA4: 47.23 | DB4: 61.09 | DC4: 189.26 | DD4: 171.18 | DE4: 113.26 | DF4: 151.25 | DG4: 108.09 | DQ4: 71.1 | DR4: 47.23 | DS4: 61.09 | DT4: 189.26 | DU4: 169.01 | DV4: 113.26 | DW4: 151.25 | DX4: 108.09 | EH4: 73.43 | EI4: 45.2 | EJ4: 61.09 | EK4: 180.36 | EL4: 171.23 | EM4: 85.07 | EN4: 144.48 | EO4: 110.91 | EY4: 74.53 | EZ4: 58.13 | FA4: 62.86 | FB4: 305.47 | FC4: 200.38 | FD4: 115.81 | FE4: 152 | FF4: 121.2 | FP4: 58.04 | FQ4: 26.17 | FR4: 37.92 | FS4: 80.42 | FT4: 143.91 | FU4: 47.61 | FV4: 89.56 | FW4: 89.03 | GG4: 64.23 | GH4: 39.76 | GI4: 47.1 | GJ4: 148.16 | GK4: 138.37 | GL4: 58.57 | GM4: 121.82 | GN4: 88.74 | GX4: 64.18 | GY4: 39.76 | GZ4: 47.33 | HA4: 148.16 | HB4: 136.44 | HC4: 59.42 | HD4: 122.08 | HE4: 88.74 | HO4: 61.6 | HP4: 36.95 | HQ4: 47.27 | HR4: 97.24 | HS4: 144.05 | HT4: 48.44 | HU4: 115.91 | HV4: 89.35 | IF4: 60.06 | IG4: 44.17 | IH4: 47.93 | II4: 194.66 | IJ4: 172.69 | IK4: 93.62 | IL4: 127.2 | IM4: 104.22
A5: 4 | B5: 26.9 | C5: 0.07 | D5: 24.65 | E5: 97.56 | F5: 0.05 | G5: 25.48 | H5: 90.2 | I5: 82.56 | S5: 54.85 | T5: 29.84 | U5: 41.62 | V5: 105 | W5: 80.23 | X5: 66.86 | Y5: 82.27 | Z5: 50.43 | AJ5: 54.85 | AK5: 29.84 | AL5: 41.62 | AM5: 105 | AN5: 80.23 | AO5: 66.86 | AP5: 82.27 | AQ5: 50.43 | BA5: 47 | BB5: 26.24 | BC5: 41.62 | BD5: 105 | BE5: 8.56 | BF5: 25.48 | BG5: 94.33 | BH5: 82.56 | BR5: 47 | BS5: 34.04 | BT5: 41.62 | BU5: 105 | BV5: 100 | BW5: 35.2 | BX5: 122.36 | BY5: 91.49 | CI5: 55.78 | CJ5: 39.75 | CK5: 66.82 | CL5: 190 | CM5: 86.16 | CN5: 144.65 | CO5: 151.24 | CP5: 121.18 | CZ5: 71.94 | DA5: 44.44 | DB5: 72.6 | DC5: 190 | DD5: 167.29 | DE5: 105.18 | DF5: 145 | DG5: 97.68 | DQ5: 71.94 | DR5: 44.44 | DS5: 72.6 | DT5: 190 | DU5: 167.29 | DV5: 105.18 | DW5: 145 | DX5: 97.68 | EH5: 77.23 | EI5: 44.24 | EJ5: 72.6 | EK5: 190 | EL5: 167.29 | EM5: 102.57 | EN5: 145 | EO5: 121.18 | EY5: 80.91 | EZ5: 59.77 | FA5: 72.01 | FB5: 202.84 | FC5: 217.72 | FD5: 118.1 | FE5: 182.84 | FF5: 123 | FP5: 48.92 | FQ5: 20.75 | FR5: 48.36 | FS5: 153.98 | FT5: 55.57 | FU5: 86.61 | FV5: 121.77 | FW5: 94.59 | GG5: 67.02 | GH5: 35.47 | GI5: 60.45 | GJ5: 151.92 | GK5: 114.22 | GL5: 91.18 | GM5: 111.27 | GN5: 66.8 | GX5: 67.02 | GY5: 35.5 | GZ5: 60.45 | HA5: 152.78 | HB5: 114.22 | HC5: 91.18 | HD5: 111.27 | HE5: 66.8 | HO5: 65.6 | HP5: 34.26 | HQ5: 59.46 | HR5: 156.07 | HS5: 97.02 | HT5: 80.18 | HU5: 121.44 | HV5: 94.21 | IF5: 67.97 | IG5: 44.44 | IH5: 59.3 | II5: 165.77 | IJ5: 172.84 | IK5: 91.64 | IL5: 147.66 | IM5: 107.01
A6: 5 | B6: 18.37 | C6: 29.16 | D6: 39.65 | E6: 75.38 | F6: 0.07 | G6: 73.21 | H6: 27.52 | I6: 86.31 | S6: 58.31 | T6: 29.88 | U6: 50.56 | V6: 75.38 | W6: 61.97 | X6: 30.55 | Y6: 13.28 | Z6: 61.93 | AJ6: 58.31 | AK6: 29.88 | AL6: 50.56 | AM6: 79.11 | AN6: 61.97 | AO6: 37.83 | AP6: 13.28 | AQ6: 61.93 | BA6: 52.57 | BB6: 29.16 | BC6: 44.58 | BD6: 75.38 | BE6: 27.68 | BF6: 61.1 | BG6: 13.28 | BH6: 86.31 | BR6: 53.5 | BS6: 29.16 | BT6: 44.58 | BU6: 75.38 | BV6: 100 | BW6: 78.5 | BX6: 130.05 | BY6: 101.42 | CI6: 61.64 | CJ6: 46.16 | CK6: 67.14 | CL6: 148.09 | CM6: 194.7 | CN6: 108.45 | CO6: 100.33 | CP6: 223.42 | CZ6: 69.5 | DA6: 53.29 | DB6: 80 | DC6: 250.34 | DD6: 177.98 | DE6: 90.88 | DF6: 70.5 | DG6: 123.68 | DQ6: 69.5 | DR6: 53.29 | DS6: 80 | DT6: 250.34 | DU6: 177.98 | DV6: 90.88 | DW6: 70.5 | DX6: 123.68 | EH6: 69.12 | EI6: 46.16 | EJ6: 80 | EK6: 265 | EL6: 194.67 | EM6: 108.76 | EN6: 70.5 | EO6: 213.58 | EY6: 82.53 | EZ6: 46.16 | FA6: 68.32 | FB6: 265 | FC6: 249.99 | FD6: 120.4 | FE6: 166 | FF6: 148.69 | FP6: 43.16 | FQ6: 35.39 | FR6: 55.62 | FS6: 107.64 | FT6: 111.92 | FU6: 91.21 | FV6: 68.64 | FW6: 134.92 | GG6: 65 | GH6: 38.79 | GI6: 67.73 | GJ6: 183.83 | GK6: 109.69 | GL6: 67.22 | GM6: 47.76 | GN6: 95.95 | GX6: 65 | GY6: 38.79 | GZ6: 67.73 | HA6: 184.09 | HB6: 109.02 | HC6: 67.52 | HD6: 47.76 | HE6: 95.95 | HO6: 62.22 | HP6: 35.88 | HQ6: 63.81 | HR6: 189.18 | HS6: 128.44 | HT6: 90.38 | HU6: 44.26 | HV6: 128.72 | IF6: 67.82 | IG6: 37.44 | IH6: 59.24 | II6: 195.23 | IJ6: 183.72 | IK6: 104.53 | IL6: 142.99 | IM6: 122.59
A7: 6 | B7: 44.23 | C7: 27.03 | D7: 42.15 | E7: 101.32 | F7: 81.93 | G7: 73.01 | H7: 9.2 | I7: 92.82 | S7: 47.17 | T7: 31.5 | U7: 53.51 | V7: 170.1 | W7: 53.42 | X7: 3.2 | Y7: 3.52 | Z7: 0 | AJ7: 50.2 | AK7: 31.5 | AL7: 53.51 | AM7: 170.1 | AN7: 53.42 | AO7: 3.2 | AP7: 3.52 | AQ7: 1.51 | BA7: 47.17 | BB7: 27.03 | BC7: 47.2 | BD7: 170.1 | BE7: 75.75 | BF7: 73.01 | BG7: 3.52 | BH7: 95.58 | BR7: 47.17 | BS7: 27.03 | BT7: 47.2 | BU7: 170.1 | BV7: 135.45 | BW7: 88.5 | BX7: 110.42 | BY7: 100.75 | CI7: 67.37 | CJ7: 48.91 | CK7: 61.92 | CL7: 274.11 | CM7: 163.5 | CN7: 104.27 | CO7: 41.37 | CP7: 168.82 | CZ7: 68 | DA7: 49.01 | DB7: 90 | DC7: 278.36 | DD7: 137.73 | DE7: 92.14 | DF7: 117.78 | DG7: 117.9 | DQ7: 68 | DR7: 49.01 | DS7: 90 | DT7: 278.36 | DU7: 137.73 | DV7: 92.14 | DW7: 117.78 | DX7: 117.9 | EH7: 67.37 | EI7: 49.01 | EJ7: 101.07 | EK7: 278.36 | EL7: 163.5 | EM7: 104.3 | EN7: 88.34 | EO7: 168.82 | EY7: 75.19 | EZ7: 52.82 | FA7: 69.55 | FB7: 278.36 | FC7: 249 | FD7: 116.97 | FE7: 155 | FF7: 132.62 | FP7: 54.37 | FQ7: 38.2 | FR7: 52.96 | FS7: 195.31 | FT7: 117.05 | FU7: 88.8 | FV7: 24.81 | FW7: 126.98 | GG7: 58.94 | GH7: 41.92 | GI7: 70.93 | GJ7: 213.24 | GK7: 101.9 | GL7: 45.29 | GM7: 47.54 | GN7: 62.69 | GX7: 59.4 | GY7: 41.92 | GZ7: 70.93 | HA7: 213.24 | HB7: 101.9 | HC7: 45.29 | HD7: 51.03 | HE7: 62.87 | HO7: 55.5 | HP7: 39.32 | HQ7: 71.13 | HR7: 226.03 | HS7: 121.08 | HT7: 87.62 | HU7: 35.76 | HV7: 127.02 | IF7: 58.91 | IG7: 40.35 | IH7: 58.37 | II7: 225.96 | IJ7: 174.37 | IK7: 100.71 | IL7: 136.34 | IM7: 114.82
A8: 7 | B8: 1.84 | C8: 18.95 | D8: 46.72 | E8: 101.91 | F8: 10.93 | G8: 71.86 | H8: 5.01 | I8: 80.78 | S8: 50.5 | T8: 33.01 | U8: 58 | V8: 162.8 | W8: 4.16 | X8: 45.57 | Y8: 19.2 | Z8: 81.96 | AJ8: 50.5 | AK8: 33.01 | AL8: 58 | AM8: 162.8 | AN8: 4.16 | AO8: 45.57 | AP8: 19.2 | AQ8: 81.96 | BA8: 46.08 | BB8: 28.9 | BC8: 49.35 | BD8: 162.8 | BE8: 13.21 | BF8: 71.86 | BG8: 0.4 | BH8: 81.96 | BR8: 50 | BS8: 35.9 | BT8: 49.35 | BU8: 202.54 | BV8: 163.94 | BW8: 84.3 | BX8: 109.61 | BY8: 99.53 | CI8: 74.93 | CJ8: 51.12 | CK8: 100 | CL8: 253.81 | CM8: 112 | CN8: 104.85 | CO8: 101.11 | CP8: 125.19 | CZ8: 70.39 | DA8: 56.26 | DB8: 108.97 | DC8: 270.02 | DD8: 50 | DE8: 104.85 | DF8: 128.87 | DG8: 134.94 | DQ8: 70.39 | DR8: 54.87 | DS8: 108.97 | DT8: 270.02 | DU8: 50 | DV8: 104.85 | DW8: 128.87 | DX8: 134.94 | EH8: 74.93 | EI8: 51.12 | EJ8: 108.97 | EK8: 260 | EL8: 113.96 | EM8: 104.85 | EN8: 128.87 | EO8: 134.94 | EY8: 86.49 | EZ8: 76.29 | FA8: 94.72 | FB8: 273.7 | FC8: 270.32 | FD8: 110.53 | FE8: 181.27 | FF8: 143.1 | FP8: 50.64 | FQ8: 40.03 | FR8: 70.91 | FS8: 168.65 | FT8: 85.22 | FU8: 86.45 | FV8: 60.46 | FW8: 98.98 | GG8: 63.32 | GH8: 47.01 | GI8: 89.72 | GJ8: 218.21 | GK8: 21.84 | GL8: 76.12 | GM8: 83.85 | GN8: 101.88 | GX8: 63.32 | GY8: 46.53 | GZ8: 89.72 | HA8: 218.21 | HB8: 21.84 | HC8: 76.26 | HD8: 85.1 | HE8: 101.88 | HO8: 62.54 | HP8: 41.84 | HQ8: 81.29 | HR8: 214.73 | HS8: 81.95 | HT8: 86.44 | HU8: 76.48 | HV8: 104.89 | IF8: 69.02 | IG8: 52.64 | IH8: 71.95 | II8: 234.2 | IJ8: 192.23 | IK8: 96.73 | IL8: 143.58 | IM8: 121.18
A9: 8 | B9: 7.78 | C9: 0.1 | D9: 45.61 | E9: 85.03 | F9: 4.16 | G9: 78.48 | H9: 57.01 | I9: 78.96 | S9: 50.5 | T9: 33.07 | U9: 60 | V9: 109.18 | W9: 4.16 | X9: 78.43 | Y9: 53 | Z9: 60.08 | AJ9: 50.5 | AK9: 33.07 | AL9: 60 | AM9: 109.18 | AN9: 4.16 | AO9: 78.43 | AP9: 53 | AQ9: 60.08 | BA9: 27.4 | BB9: 20.35 | BC9: 50.86 | BD9: 109.18 | BE9: 4.16 | BF9: 78.43 | BG9: 53 | BH9: 62.26 | BR9: 60.06 | BS9: 36.65 | BT9: 50.86 | BU9: 201 | BV9: 146 | BW9: 85.28 | BX9: 101.25 | BY9: 103.66 | CI9: 46.93 | CJ9: 55.92 | CK9: 110.45 | CL9: 231 | CM9: 122.61 | CN9: 130.01 | CO9: 155.46 | CP9: 264.58 | CZ9: 70 | DA9: 55.92 | DB9: 114.89 | DC9: 237.86 | DD9: 40 | DE9: 133.28 | DF9: 135.01 | DG9: 107.36 | DQ9: 70 | DR9: 55.92 | DS9: 114.89 | DT9: 237.86 | DU9: 40 | DV9: 133.28 | DW9: 131 | DX9: 107.36 | EH9: 70 | EI9: 55.92 | EJ9: 114.89 | EK9: 231 | EL9: 122.61 | EM9: 129.99 | EN9: 137.58 | EO9: 189 | EY9: 94.42 | EZ9: 62.67 | FA9: 100.93 | FB9: 300 | FC9: 185.48 | FD9: 130.1 | FE9: 158.26 | FF9: 176.07 | FP9: 34.58 | FQ9: 34.21 | FR9: 78.51 | FS9: 162.6 | FT9: 71.62 | FU9: 102.28 | FV9: 105.79 | FW9: 153.91 | GG9: 62.3 | GH9: 47 | GI9: 93.91 | GJ9: 196.74 | GK9: 10.2 | GL9: 106.01 | GM9: 98.34 | GN9: 80.42 | GX9: 62.79 | GY9: 46.91 | GZ9: 93.93 | HA9: 197.61 | HB9: 10.2 | HC9: 106.52 | HD9: 98.15 | HE9: 80.83 | HO9: 57.68 | HP9: 40.65 | HQ9: 85.04 | HR9: 173.4 | HS9: 70.78 | HT9: 102.19 | HU9: 103.76 | HV9: 107.22 | IF9: 76.1 | IG9: 48.12 | IH9: 75.88 | II9: 234.33 | IJ9: 164.27 | IK9: 108.11 | IL9: 132.79 | IM9: 128.79
A10: 9 | B10: 3.43 | C10: 26.94 | D10: 49.1 | E10: 49.29 | F10: 39.41 | G10: 84.14 | H10: 84.79 | I10: 47.84 | S10: 49.4 | T10: 33.56 | U10: 50.25 | V10: 14 | W10: 4.2 | X10: 92.33 | Y10: 13.01 | Z10: 6.5 | AJ10: 49.79 | AK10: 33.88 | AL10: 51.39 | AM10: 14 | AN10: 4.2 | AO10: 92.33 | AP10: 13.01 | AQ10: 6.5 | BA10: 27.83 | BB10: 27.81 | BC10: 50.25 | BD10: 45.82 | BE10: 35.94 | BF10: 83.63 | BG10: 13.01 | BH10: 20 | BR10: 60.14 | BS10: 44.04 | BT10: 50.25 | BU10: 172 | BV10: 73.71 | BW10: 84.08 | BX10: 102.88 | BY10: 109.23 | CI10: 55.94 | CJ10: 47.92 | CK10: 71.99 | CL10: 243.94 | CM10: 182.18 | CN10: 137.84 | CO10: 164.88 | CP10: 93.93 | CZ10: 69.01 | DA10: 53.31 | DB10: 121.24 | DC10: 240 | DD10: 171.62 | DE10: 148.01 | DF10: 141.27 | DG10: 91.25 | DQ10: 69.01 | DR10: 53.31 | DS10: 121.24 | DT10: 240 | DU10: 171.62 | DV10: 148.01 | DW10: 141.27 | DX10: 91.25 | EH10: 69.01 | EI10: 47.51 | EJ10: 71.99 | EK10: 243.94 | EL10: 182.18 | EM10: 137.35 | EN10: 135.73 | EO10: 95.01 | EY10: 85.32 | EZ10: 77.84 | FA10: 72.94 | FB10: 269.6 | FC10: 195 | FD10: 137.35 | FE10: 160 | FF10: 147.63 | FP10: 41.1 | FQ10: 35.95 | FR10: 59.32 | FS10: 151.19 | FT10: 130.58 | FU10: 109.44 | FV10: 120.84 | FW10: 78.44 | GG10: 60.8 | GH10: 43.69 | GI10: 80.32 | GJ10: 122.87 | GK10: 89.99 | GL10: 113.55 | GM10: 88.98 | GN10: 53.96 | GX10: 61.42 | GY10: 43.71 | GZ10: 83.45 | HA10: 123.45 | HB10: 89.99 | HC10: 113.55 | HD10: 89.05 | HE10: 53.99 | HO10: 58.14 | HP10: 36.02 | HQ10: 60.38 | HR10: 153.91 | HS10: 127.7 | HT10: 106.56 | HU10: 86.72 | HV10: 71.15 | IF10: 70.42 | IG10: 55.31 | IH10: 60.6 | II10: 212.49 | IJ10: 155.12 | IK10: 109.12 | IL10: 134.13 | IM10: 127.13
A11: 10 | B11: 47.11 | C11: 25.81 | D11: 37.24 | E11: 178.04 | F11: 5 | G11: 86.09 | H11: 69.05 | I11: 66.24 | S11: 48.5 | T11: 27.65 | U11: 48.45 | V11: 158.7 | W11: 35 | X11: 85 | Y11: 69.94 | Z11: 28.77 | AJ11: 48.5 | AK11: 27.65 | AL11: 48.45 | AM11: 158.7 | AN11: 35 | AO11: 85 | AP11: 69.94 | AQ11: 28.77 | BA11: 48.5 | BB11: 26.47 | BC11: 48.45 | BD11: 178.04 | BE11: 7.41 | BF11: 84.75 | BG11: 69.94 | BH11: 54.27 | BR11: 53.55 | BS11: 40.81 | BT11: 48.45 | BU11: 178.04 | BV11: 79.81 | BW11: 91.29 | BX11: 105.3 | BY11: 101.96 | CI11: 85.15 | CJ11: 47.4 | CK11: 63.41 | CL11: 315.47 | CM11: 165.33 | CN11: 143.79 | CO11: 144.12 | CP11: 139.53 | CZ11: 69.75 | DA11: 50.85 | DB11: 110.29 | DC11: 294.98 | DD11: 144.74 | DE11: 121.4 | DF11: 144.28 | DG11: 126.26 | DQ11: 69.75 | DR11: 50.85 | DS11: 110.29 | DT11: 294.98 | DU11: 144.74 | DV11: 121.4 | DW11: 144.28 | DX11: 126.26 | EH11: 85.15 | EI11: 49.97 | EJ11: 73.91 | EK11: 315 | EL11: 181.67 | EM11: 143.79 | EN11: 144.28 | EO11: 126.26 | EY11: 88.67 | EZ11: 73.53 | FA11: 70.02 | FB11: 310.84 | FC11: 223.42 | FD11: 143.79 | FE11: 155 | FF11: 129.7 | FP11: 67.73 | FQ11: 35.14 | FR11: 51.76 | FS11: 262.14 | FT11: 118.92 | FU11: 111.94 | FV11: 113.34 | FW11: 98.56 | GG11: 62.5 | GH11: 40.94 | GI11: 66.11 | GJ11: 217.85 | GK11: 106.44 | GL11: 100.86 | GM11: 112.1 | GN11: 74.14 | GX11: 62.5 | GY11: 40.9 | GZ11: 70.44 | HA11: 217.85 | HB11: 106.44 | HC11: 100.86 | HD11: 112.37 | HE11: 74.14 | HO11: 69.33 | HP11: 38.78 | HQ11: 56.91 | HR11: 261.84 | HS11: 123.97 | HT11: 109.88 | HU11: 114.01 | HV11: 81.31 | IF11: 72 | IG11: 53.08 | IH11: 57.15 | II11: 252.22 | IJ11: 161.18 | IK11: 113 | IL11: 130.41 | IM11: 113.64
A12: 11 | B12: 42.2 | C12: 20.96 | D12: 18.96 | E12: 193 | F12: 0.01 | G12: 81.95 | H12: 83.58 | I12: 81.26 | S12: 49.98 | T12: 34.13 | U12: 46.36 | V12: 193 | W12: 4.16 | X12: 79.6 | Y12: 60.3 | Z12: 50.46 | AJ12: 49.98 | AK12: 34.13 | AL12: 46.36 | AM12: 193 | AN12: 4.16 | AO12: 79.6 | AP12: 60.3 | AQ12: 50.46 | BA12: 49.98 | BB12: 25.26 | BC12: 46.36 | BD12: 193 | BE12: 0.08 | BF12: 80.6 | BG12: 90.82 | BH12: 75.14 | BR12: 57.12 | BS12: 38.43 | BT12: 46.36 | BU12: 184.35 | BV12: 100 | BW12: 82.38 | BX12: 102 | BY12: 83.66 | CI12: 62.92 | CJ12: 40.56 | CK12: 70.59 | CL12: 316.4 | CM12: 132.88 | CN12: 150.09 | CO12: 122.34 | CP12: 116.25 | CZ12: 70.45 | DA12: 56.26 | DB12: 121.14 | DC12: 262.66 | DD12: 139.02 | DE12: 132.31 | DF12: 123.55 | DG12: 103.14 | DQ12: 70.45 | DR12: 56.26 | DS12: 121.14 | DT12: 262.66 | DU12: 139.02 | DV12: 132.31 | DW12: 123.55 | DX12: 103.14 | EH12: 77.54 | EI12: 44.65 | EJ12: 89.06 | EK12: 316.4 | EL12: 145.72 | EM12: 141 | EN12: 123.86 | EO12: 103.14 | EY12: 82.96 | EZ12: 56.16 | FA12: 83.42 | FB12: 309.11 | FC12: 254.17 | FD12: 140.87 | FE12: 155.2 | FF12: 123.56 | FP12: 49.89 | FQ12: 31.35 | FR12: 47.07 | FS12: 254.84 | FT12: 84.7 | FU12: 109.62 | FV12: 100.93 | FW12: 95.12 | GG12: 64.15 | GH12: 41.89 | GI12: 83.16 | GJ12: 222.59 | GK12: 85.27 | GL12: 96.86 | GM12: 95.81 | GN12: 79.82 | GX12: 64.15 | GY12: 41.89 | GZ12: 83.16 | HA12: 222.59 | HB12: 85.27 | HC12: 96.86 | HD12: 95.81 | HE12: 79.82 | HO12: 65.21 | HP12: 34.75 | HQ12: 67.6 | HR12: 253.39 | HS12: 89.16 | HT12: 106.67 | HU12: 106.62 | HV12: 87.06 | IF12: 70.57 | IG12: 45.18 | IH12: 67.22 | II12: 244.26 | IJ12: 181.59 | IK12: 108.74 | IL12: 126.67 | IM12: 107.01
A13: 12 | B13: 23.35 | C13: 17.39 | D13: 15.82 | E13: 172.18 | F13: 0.1 | G13: 84.34 | H13: 83.75 | I13: 76.58 | S13: 51.4 | T13: 37.03 | U13: 55.18 | V13: 178.33 | W13: 55.7 | X13: 83 | Y13: 2.4 | Z13: 60.13 | AJ13: 51.4 | AK13: 37.03 | AL13: 55.18 | AM13: 178.33 | AN13: 55.7 | AO13: 83 | AP13: 3.01 | AQ13: 60.13 | BA13: 42.51 | BB13: 20.57 | BC13: 46.57 | BD13: 178.33 | BE13: 6.27 | BF13: 83 | BG13: 85 | BH13: 60.13 | BR13: 56.63 | BS13: 34.9 | BT13: 49.5 | BU13: 178.33 | BV13: 129.2 | BW13: 88.59 | BX13: 85 | BY13: 105.58 | CI13: 46.29 | CJ13: 27.1 | CK13: 64.6 | CL13: 300.1 | CM13: 119.49 | CN13: 140.74 | CO13: 146.66 | CP13: 132.76 | CZ13: 69.69 | DA13: 55.98 | DB13: 114.02 | DC13: 261.38 | DD13: 142.22 | DE13: 126 | DF13: 126.8 | DG13: 119.64 | DQ13: 69.69 | DR13: 55.98 | DS13: 114.02 | DT13: 261.38 | DU13: 142.22 | DV13: 126 | DW13: 126.8 | DX13: 119.64 | EH13: 65 | EI13: 40.87 | EJ13: 78.93 | EK13: 300.1 | EL13: 132.89 | EM13: 140.74 | EN13: 146.66 | EO13: 116.49 | EY13: 83.61 | EZ13: 62.02 | FA13: 85.49 | FB13: 300.07 | FC13: 230.89 | FD13: 140.74 | FE13: 146.66 | FF13: 161.86 | FP13: 39.81 | FQ13: 22.6 | FR13: 46.75 | FS13: 232.34 | FT13: 71.28 | FU13: 106 | FV13: 111.27 | FW13: 104.48 | GG13: 62.05 | GH13: 42.63 | GI13: 84.23 | GJ13: 205.79 | GK13: 92.29 | GL13: 97.6 | GM13: 73.81 | GN13: 88.76 | GX13: 62.05 | GY13: 42.63 | GZ13: 86.47 | HA13: 205.79 | HB13: 92.29 | HC13: 97.13 | HD13: 73.97 | HE13: 88.76 | HO13: 53.54 | HP13: 29.09 | HQ13: 63.89 | HR13: 236.93 | HS13: 81.12 | HT13: 106.57 | HU13: 108.35 | HV13: 86.74 | IF13: 66.32 | IG13: 45.08 | IH13: 68.28 | II13: 234.1 | IJ13: 179.21 | IK13: 109.74 | IL13: 113.04 | IM13: 133.34
... A283: 282 | B283: 19.44 | C283: 10.86 | D283: 70.44 | E283: 51.6 | F283: 75 | G283: 59.67 | H283: 83.2 | I283: 3.78 | S283: 40.99 | T283: 35.02 | U283: 175.59 | V283: 75.44 | W283: 93 | X283: 0 | Y283: 5.29 | Z283: 0 | AJ283: 40.99 | AK283: 35.02 | AL283: 175.59 | AM283: 75.44 | AN283: 93 | AO283: 0 | AP283: 19.01 | AQ283: 0 | BA283: 19.44 | BB283: 22.02 | BC283: 126.77 | BD283: 75.48 | BE283: 75 | BF283: 0 | BG283: 41.3 | BH283: 16.45 | BR283: 43.55 | BS283: 22.02 | BT283: 159.09 | BU283: 100 | BV283: 97.01 | BW283: 92.58 | BX283: 101.16 | BY283: 188.92 | CI283: 51.44 | CJ283: 50.75 | CK283: 239.22 | CL283: 258.74 | CM283: 221.7 | CN283: 168.2 | CO283: 149.9 | CP283: 148.06 | CZ283: 55.23 | DA283: 52.39 | DB283: 254.45 | DC283: 214.83 | DD283: 184.5 | DE283: 90 | DF283: 114.46 | DG283: 198.34 | DQ283: 55.23 | DR283: 52.39 | DS283: 254.45 | DT283: 214.83 | DU283: 184.5 | DV283: 90 | DW283: 114.46 | DX283: 198.34 | EH283: 51.8 | EI283: 52.39 | EJ283: 252.32 | EK283: 285.14 | EL283: 221.7 | EM283: 79.91 | EN283: 124.8 | EO283: 157.76 | EY283: 75.86 | EZ283: 65.15 | FA283: 254.62 | FB283: 305 | FC283: 221.7 | FD283: 157.17 | FE283: 160.95 | FF283: 271.45 | FP283: 35.15 | FQ283: 29.11 | FR283: 139.87 | FS283: 135.44 | FT283: 117.1 | FU283: 90.59 | FV283: 104.21 | FW283: 77.05 | GG283: 47.54 | GH283: 43.91 | GI283: 220.59 | GJ283: 112.06 | GK283: 121.14 | GL283: 29.96 | GM283: 64.66 | GN283: 111.22 | GX283: 47.54 | GY283: 43.91 | GZ283: 220.59 | HA283: 113.5 | HB283: 121.14 | HC283: 29.96 | HD283: 70.32 | HE283: 112.69 | HO283: 36.19 | HP283: 37.3 | HQ283: 179.93 | HR283: 166.81 | HS283: 115.48 | HT283: 31.33 | HU283: 83.51 | HV283: 68.66 | IF283: 58.28 | IG283: 38.88 | IH283: 198.31 | II283: 204.94 | IJ283: 129.68 | IK283: 113.08 | IL283: 126.37 | IM283: 233.35
A284: 283 | B284: 18.26 | C284: 25.99 | D284: 69.22 | E284: 70.83 | F284: 26.06 | G284: 46.89 | H284: 75.69 | S284: 38.75 | T284: 32.28 | U284: 135.07 | V284: 102.84 | W284: 99.25 | X284: 0.98 | Y284: 33.22 | Z284: 0 | AJ284: 38.75 | AK284: 32.28 | AL284: 135.07 | AM284: 102.84 | AN284: 99.25 | AO284: 0.98 | AP284: 33.22 | AQ284: 0 | BA284: 18.26 | BB284: 29.54 | BC284: 69.22 | BD284: 102.84 | BE284: 29 | BF284: 0 | BG284: 33.22 | BH284: 0 | BR284: 43.35 | BS284: 34.56 | BT284: 132.06 | BU284: 176.16 | BV284: 109.76 | BW284: 46.98 | BX284: 83.94 | BY284: 168.39 | CI284: 47.79 | CJ284: 62.44 | CK284: 240.57 | CL284: 276.74 | CM284: 201.92 | CN284: 127.12 | CO284: 123.29 | CZ284: 59.13 | DA284: 59.3 | DB284: 251.6 | DC284: 270 | DD284: 159.48 | DE284: 60.8 | DF284: 117.47 | DG284: 202.38 | DQ284: 59.13 | DR284: 50.8 | DS284: 251.6 | DT284: 270 | DU284: 157.32 | DV284: 60.8 | DW284: 117.47 | DX284: 202.38 | EH284: 54.45 | EI284: 62.44 | EJ284: 240.57 | EK284: 298.03 | EL284: 159.48 | EM284: 112.03 | EN284: 121.48 | EO284: 59.24 | EY284: 76.73 | EZ284: 62.62 | FA284: 237.38 | FB284: 450 | FC284: 211.14 | FD284: 166.41 | FE284: 161.33 | FF284: 245.02 | FP284: 30.44 | FQ284: 41.45 | FR284: 145.3 | FS284: 169.97 | FT284: 107.58 | FU284: 82.49 | FV284: 96.78 | GG284: 47.72 | GH284: 43.64 | GI284: 173.09 | GJ284: 168.46 | GK284: 125.74 | GL284: 26.88 | GM284: 80.82 | GN284: 117.7 | GX284: 47.72 | GY284: 42.78 | GZ284: 173.36 | HA284: 168.46 | HB284: 125.55 | HC284: 26.88 | HD284: 80.82 | HE284: 119.23 | HO284: 35.09 | HP284: 42.22 | HQ284: 149.51 | HR284: 207.43 | HS284: 101.79 | HT284: 32.89 | HU284: 83.46 | HV284: 22.92 | IF284: 56.54 | IG284: 47.37 | IH284: 169.1 | II284: 283.74 | IJ284: 142.11 | IK284: 110 | IL284: 120.18 | IM284: 213.34
A285: 284 | B285: 0.03 | C285: 25.18 | D285: 94.85 | E285: 169.2 | F285: -0.06 | G285: 15.94 | H285: 46.77 | S285: 43.56 | T285: 26.25 | U285: 125.01 | V285: 135.1 | W285: 90 | X285: 39.83 | Y285: 3.72 | AJ285: 43.56 | AK285: 26.25 | AL285: 125.01 | AM285: 135.1 | AN285: 90 | AO285: 39.83 | AP285: 3.72 | BA285: 12.57 | BB285: 27.75 | BC285: 113.68 | BD285: 170.8 | BE285: 6.39 | BF285: -0.01 | BG285: 9.87 | BR285: 44.62 | BS285: 28.24 | BT285: 132.57 | BU285: 207.4 | BV285: 117.08 | BW285: 44.13 | BX285: 33.2 | CI285: 40.84 | CJ285: 42.23 | CK285: 260.02 | CL285: 484.75 | CM285: 132.14 | CN285: 119.32 | CO285: 130.17 | CZ285: 54.69 | DA285: 43.06 | DB285: 241.27 | DC285: 246 | DD285: 158.28 | DE285: 180 | DF285: 109.8 | DQ285: 54.69 | DR285: 43.06 | DS285: 241.27 | DT285: 246 | DU285: 158.28 | DV285: 180 | DW285: 109.8 | EH285: 43.05 | EI285: 47.1 | EJ285: 260.02 | EK285: 485.57 | EL285: 142.42 | EM285: 129.22 | EN285: 106.6 | EY285: 78.06 | EZ285: 57.83 | FA285: 283.18 | FB285: 483.2 | FC285: 216.5 | FD285: 161.08 | FE285: 146.26 | FP285: 24.07 | FQ285: 30.59 | FR285: 163.86 | FS285: 265.27 | FT285: 62.79 | FU285: 61.61 | FV285: 90.96 | GG285: 47.96 | GH285: 32.11 | GI285: 187.02 | GJ285: 170.75 | GK285: 123.74 | GL285: 81.6 | GM285: 73.47 | GX285: 47.96 | GY285: 32.11 | GZ285: 187.02 | HA285: 170.75 | HB285: 123.74 | HC285: 81.6 | HD285: 73.47 | HO285: 27.17 | HP285: 33.15 | HQ285: 184.67 | HR285: 274.04 | HS285: 82.82 | HT285: 54 | HU285: 67.92 | IF285: 60.02 | IG285: 38.56 | IH285: 206.37 | II285: 285.52 | IJ285: 150.49 | IK285: 105.2 | IL285: 100.47
A286: 285 | B286: -4.91 | C286: 25.49 | D286: 85.9 | E286: 198.99 | F286: 83.73 | G286: 57.17 | H286: 52.16 | S286: 30 | T286: 20 | U286: 149.36 | V286: 104.57 | W286: 88.23 | X286: 57.57 | Y286: 0.65 | AJ286: 30 | AK286: 20 | AL286: 152.01 | AM286: 104.57 | AN286: 88.23 | AO286: 57.57 | AP286: 0.65 | BA286: 7.15 | BB286: 25.49 | BC286: 101.12 | BD286: 198.99 | BE286: 89.04 | BF286: 57.17 | BG286: 1.72 | BR286: 38.21 | BS286: 26.92 | BT286: 170.7 | BU286: 198.99 | BV286: 125.21 | BW286: 55.77 | BX286: 89.36 | CI286: 44.65 | CJ286: 49.08 | CK286: 248.08 | CL286: 480.12 | CM286: 220.99 | CN286: 174.24 | CO286: 116.64 | CZ286: 46.05 | DA286: 44.91 | DB286: 226.74 | DC286: 188.6 | DD286: 152.03 | DE286: 155.49 | DF286: 115.14 | DQ286: 46.05 | DR286: 44.91 | DS286: 226.74 | DT286: 188.6 | DU286: 152.03 | DV286: 111.04 | DW286: 115.14 | EH286: 44.65 | EI286: 49.08 | EJ286: 248.08 | EK286: 483.88 | EL286: 221.18 | EM286: 155.49 | EN286: 110.18 | EY286: 66.39 | EZ286: 51.47 | FA286: 287.3 | FB286: 479.97 | FC286: 226.2 | FD286: 160.19 | FE286: 135.8 | FP286: 22.09 | FQ286: 32.45 | FR286: 171.96 | FS286: 281.28 | FT286: 125.95 | FU286: 95.88 | FV286: 89 | GG286: 38.32 | GH286: 27.85 | GI286: 183.01 | GJ286: 130.29 | GK286: 121.58 | GL286: 87.12 | GM286: 64.05 | GX286: 38.32 | GY286: 27.85 | GZ286: 183.45 | HA286: 130.29 | HB286: 121.65 | HC286: 83.83 | HD286: 64.08 | HO286: 26.14 | HP286: 32.76 | HQ286: 187.9 | HR286: 286.2 | HS286: 126.89 | HT286: 86.04 | HU286: 58.64 | IF286: 47.68 | IG286: 34.91 | IH286: 219.72 | II286: 289.53 | IJ286: 147.81 | IK286: 104.86 | IL286: 105.45
A287: 286 | B287: -8.25 | C287: 28.72 | D287: 116.12 | E287: 182.96 | F287: -1.87 | G287: -0.01 | H287: 89.12 | S287: 30 | T287: 28.72 | U287: 132.43 | V287: 111.94 | W287: 90 | X287: 38.91 | Y287: 63.72 | AJ287: 30 | AK287: 28.72 | AL287: 132.43 | AM287: 111.94 | AN287: 90 | AO287: 38.91 | AP287: 65.46 | BA287: 8.52 | BB287: 28.72 | BC287: 132.43 | BD287: 182.96 | BE287: 0.72 | BF287: -0.01 | BG287: 23.19 | BR287: 37.93 | BS287: 33.23 | BT287: 176.18 | BU287: 217.76 | BV287: 135.34 | BW287: 23.4 | BX287: 96.14 | CI287: 30 | CJ287: 78.68 | CK287: 287.31 | CL287: 343.7 | CM287: 145.25 | CN287: 80.86 | CO287: 306.58 | CZ287: 56.41 | DA287: 53.49 | DB287: 240 | DC287: 202.07 | DD287: 143 | DE287: 119.93 | DF287: 162.09 | DQ287: 56.41 | DR287: 53.49 | DS287: 240 | DT287: 202.07 | DU287: 143 | DV287: 119.93 | DW287: 162.09 | EH287: 41.24 | EI287: 78.68 | EJ287: 287.31 | EK287: 346.8 | EL287: 143 | EM287: 84.65 | EN287: 132.08 | EY287: 71.04 | EZ287: 78.68 | FA287: 297.99 | FB287: 391.01 | FC287: 215.92 | FD287: 155.51 | FE287: 158.64 | FP287: 19.55 | FQ287: 47.19 | FR287: 187.18 | FS287: 258.38 | FT287: 58.37 | FU287: 49.31 | FV287: 140.24 | GG287: 38.24 | GH287: 38.86 | GI287: 189.4 | GJ287: 147.51 | GK287: 119.52 | GL287: 70.18 | GM287: 103.71 | GX287: 38.24 | GY287: 38.86 | GZ287: 189.4 | HA287: 147.51 | HB287: 119.52 | HC287: 70.18 | HD287: 104 | HO287: 23.42 | HP287: 47.67 | HQ287: 196.03 | HR287: 260.83 | HS287: 59.7 | HT287: 44.86 | HU287: 80.66 | IF287: 45.97 | IG287: 49.06 | IH287: 214.45 | II287: 273.36 | IJ287: 158.73 | IK287: 97.17 | IL287: 124.49
A288: 287 | B288: 9.31 | C288: 30.26 | D288: 56.55 | E288: 174 | F288: -2.21 | G288: -15.69 | H288: 98.87 | S288: 29.07 | T288: 31.58 | U288: 175.25 | V288: 92 | W288: 108.57 | X288: 0 | Y288: 61.72 | AJ288: 31.5 | AK288: 31.58 | AL288: 175.25 | AM288: 92 | AN288: 108.57 | AO288: 0.11 | AP288: 74.25 | BA288: 15.17 | BB288: 31.58 | BC288: 127.99 | BD288: 174 | BE288: 0.04 | BF288: -0.51 | BG288: 61.72 | BR288: 39.41 | BS288: 35.46 | BT288: 168.38 | BU288: 211.62 | BV288: 128.21 | BW288: 8.54 | BX288: 104.82 | CI288: 52.79 | CJ288: 70.37 | CK288: 260 | CL288: 412.65 | CM288: 129.97 | CN288: 54.05 | CO288: 407.2 | CZ288: 52.19 | DA288: 50.9 | DB288: 260 | DC288: 202 | DD288: 143.09 | DE288: 121.28 | DF288: 160.2 | DQ288: 52.19 | DR288: 50.9 | DS288: 260 | DT288: 202 | DU288: 143.09 | DV288: 121.28 | DW288: 160.2 | EH288: 52.79 | EI288: 70 | EJ288: 260 | EK288: 412.65 | EL288: 142.22 | EM288: 79.46 | EN288: 145.16 | EY288: 77.9 | EZ288: 71.22 | FA288: 297.31 | FB288: 404.25 | FC288: 183.98 | FD288: 142.84 | FE288: 158.71 | FP288: 37.93 | FQ288: 45.08 | FR288: 161.36 | FS288: 257.1 | FT288: 27.51 | FU288: 11.12 | FV288: 156.77 | GG288: 41.78 | GH288: 40.3 | GI288: 217.87 | GJ288: 133.95 | GK288: 135.11 | GL288: 54.69 | GM288: 108.19 | GX288: 41.88 | GY288: 40.3 | GZ288: 217.87 | HA288: 133.95 | HB288: 135.11 | HC288: 54.72 | HD288: 110.62 | HO288: 37.7 | HP288: 46.79 | HQ288: 200.3 | HR288: 256.92 | HS288: 43.59 | HT288: 21.68 | HU288: 93.98 | IF288: 60.56 | IG288: 47.84 | IH288: 214.65 | II288: 263.28 | IJ288: 152.44 | IK288: 93.09 | IL288: 124.59
A289: 288 | B289: 24.27 | C289: 27.48 | D289: 48.93 | E289: 67.9 | F289: -1.76 | G289: 34.36 | H289: 85.81 | S289: 24.27 | T289: 27.5 | U289: 201.06 | V289: 58.4 | W289: 98 | X289: 71.2 | Y289: 66.75 | AJ289: 30.7 | AK289: 27.5 | AL289: 201.06 | AM289: 58.4 | AN289: 98 | AO289: 71.2 | AP289: 77.43 | BA289: 24.27 | BB289: 31.16 | BC289: 119.03 | BD289: 114.63 | BE289: 6.12 | BF289: 36.68 | BG289: 45.72 | BR289: 40.89 | BS289: 35.28 | BT289: 155.05 | BU289: 132.61 | BV289: 75.43 | BW289: 88.78 | BX289: 104.96 | CI289: 67.95 | CJ289: 49.69 | CK289: 249.22 | CL289: 199.33 | CM289: 139.9 | CN289: 269.74 | CO289: 278.74 | CZ289: 55.29 | DA289: 51.69 | DB289: 265 | DC289: 167.76 | DD289: 163.42 | DE289: 178.61 | DF289: 163.07 | DQ289: 55.29 | DR289: 48.56 | DS289: 265 | DT289: 167.76 | DU289: 163.42 | DV289: 178.61 | DW289: 163.07 | EH289: 67.95 | EI289: 62.62 | EJ289: 273.33 | EK289: 205.89 | EL289: 155.91 | EM289: 161.89 | EN289: 156.52 | EY289: 76.86 | EZ289: 77.5 | FA289: 290.51 | FB289: 360 | FC289: 163.97 | FD289: 185.12 | FE289: 163.16 | FP289: 44.3 | FQ289: 35.31 | FR289: 122.05 | FS289: 147.41 | FT289: 47.08 | FU289: 109.98 | FV289: 143.5 | GG289: 43.24 | GH289: 36.83 | GI289: 232.38 | GJ289: 114.08 | GK289: 132.12 | GL289: 103.46 | GM289: 109.51 | GX289: 44.06 | GY289: 36.7 | GZ289: 232.38 | HA289: 114.08 | HB289: 132.12 | HC289: 103.46 | HD289: 112.17 | HO289: 44.31 | HP289: 43.4 | HQ289: 214.63 | HR289: 154.08 | HS289: 58.92 | HT289: 92 | HU289: 89.24 | IF289: 59.04 | IG289: 52.25 | IH289: 215.01 | II289: 210.29 | IJ289: 139.69 | IK289: 118.28 | IL289: 126.15
A290: 289 | B290: 27.65 | C290: 27.35 | D290: 83.92 | E290: 12.49 | F290: 94.43 | G290: 12.8 | H290: 81.47 | S290: 34.11 | T290: 29.78 | U290: 192.07 | V290: 70.1 | W290: 110.24 | X290: 47.51 | Y290: 70.44 | AJ290: 34.11 | AK290: 29.78 | AL290: 192.07 | AM290: 70.1 | AN290: 110.24 | AO290: 47.51 | AP290: 79.4 | BA290: 28.1 | BB290: 29.78 | BC290: 136.8 | BD290: 69.86 | BE290: 96.62 | BF290: 12.8 | BG290: 55.2 | BR290: 39.86 | BS290: 28.38 | BT290: 171.99 | BU290: 128.77 | BV290: 146.52 | BW290: 74.78 | BX290: 99.65 | CI290: 51.3 | CJ290: 55.69 | CK290: 253.06 | CL290: 222.87 | CM290: 240 | CN290: 185.39 | CO290: 140.59 | CZ290: 55.05 | DA290: 50.34 | DB290: 264.54 | DC290: 148.9 | DD290: 220 | DE290: 125.89 | DF290: 153.47 | DQ290: 55.05 | DR290: 50 | DS290: 264.54 | DT290: 148.9 | DU290: 175.12 | DV290: 125.89 | DW290: 153.47 | EH290: 55.05 | EI290: 60.73 | EJ290: 253.06 | EK290: 225.84 | EL290: 240 | EM290: 122.28 | EN290: 142.32 | EY290: 76.39 | EZ290: 63.7 | FA290: 313 | FB290: 318 | FC290: 240 | FD290: 162.69 | FE290: 158.48 | FP290: 38.96 | FQ290: 41.57 | FR290: 155.16 | FS290: 99.96 | FT290: 135.41 | FU290: 89.1 | FV290: 100.1 | GG290: 43.45 | GH290: 39.43 | GI290: 224.8 | GJ290: 103.92 | GK290: 139.56 | GL290: 84.72 | GM290: 110.15 | GX290: 43.45 | GY290: 39.3 | GZ290: 224.8 | HA290: 103.92 | HB290: 136.56 | HC290: 84.72 | HD290: 111.73 | HO290: 40.76 | HP290: 44.12 | HQ290: 188.88 | HR290: 125.28 | HS290: 134.95 | HT290: 66.34 | HU290: 87.08 | IF290: 58.02 | IG290: 45.31 | IH290: 215.16 | II290: 183.26 | IJ290: 174.99 | IK290: 109.27 | IL290: 121.37
A291: 290 | B291: 26.34 | C291: 33.02 | D291: 101.39 | E291: 86.14 | F291: 89.06 | G291: 2.04 | H291: 86.72 | S291: 35.99 | T291: 33.02 | U291: 183.84 | V291: 89.64 | W291: 38 | X291: 3.32 | Y291: 45 | AJ291: 35.99 | AK291: 33.02 | AL291: 183.84 | AM291: 89.64 | AN291: 38 | AO291: 3.32 | AP291: 55.01 | BA291: 26.34 | BB291: 33.02 | BC291: 116.5 | BD291: 89.64 | BE291: 38 | BF291: 1.48 | BG291: 45 | BR291: 43.62 | BS291: 34.16 | BT291: 157.58 | BU291: 149.59 | BV291: 137.45 | BW291: 85.95 | BX291: 91.39 | CI291: 63.96 | CJ291: 67.85 | CK291: 238.29 | CL291: 272.22 | CM291: 191.08 | CN291: 88.38 | CO291: 144.84 | CZ291: 57.44 | DA291: 54.08 | DB291: 270 | DC291: 205 | DD291: 144.76 | DE291: 112.08 | DF291: 159.4 | DQ291: 57.44 | DR291: 54.08 | DS291: 270 | DT291: 205 | DU291: 139.5 | DV291: 112.08 | DW291: 159.4 | EH291: 63.96 | EI291: 67.85 | EJ291: 238.29 | EK291: 281.15 | EL291: 166.39 | EM291: 83.91 | EN291: 140.25 | EY291: 80.97 | EZ291: 69.6 | FA291: 264.37 | FB291: 331.56 | FC291: 203.84 | FD291: 162.49 | FE291: 152.33 | FP291: 44.12 | FQ291: 47.27 | FR291: 142.9 | FS291: 154.05 | FT291: 127.5 | FU291: 34.79 | FV291: 104.74 | GG291: 47.2 | GH291: 43.87 | GI291: 210.52 | GJ291: 139.93 | GK291: 102.3 | GL291: 51.31 | GM291: 107.69 | GX291: 47.2 | GY291: 43.86 | GZ291: 210.52 | HA291: 139.93 | HB291: 101.87 | HC291: 51.31 | HD291: 108.94 | HO291: 44.37 | HP291: 48.35 | HQ291: 163.93 | HR291: 175.74 | HS291: 106.8 | HT291: 30.39 | HU291: 92.52 | IF291: 60.96 | IG291: 49.67 | IH291: 191.86 | II291: 216.08 | IJ291: 160.22 | IK291: 122.56 | IL291: 117.74
A292: 291 | B292: 27.04 | C292: 31.2 | D292: 106.28 | E292: 125.18 | F292: 15.45 | G292: 5.61 | H292: 67.53 | S292: 36 | T292: 36.1 | U292: 193.73 | V292: 47.83 | W292: 4.3 | X292: 0.44 | Y292: 0.91 | AJ292: 36 | AK292: 36.1 | AL292: 193.73 | AM292: 47.83 | AN292: 4.3 | AO292: 0.44 | AP292: 1.89 | BA292: 20.69 | BB292: 35.59 | BC292: 106.28 | BD292: 125.18 | BE292: 0.98 | BF292: 5.61 | BG292: 20 | BR292: 45.69 | BS292: 37.27 | BT292: 189.37 | BU292: 145.81 | BV292: 129.16 | BW292: 98.18 | BX292: 83.59 | CI292: 51.46 | CJ292: 50.46 | CK292: 268.32 | CL292: 277.3 | CM292: 166.91 | CN292: 186.21 | CO292: 133.24 | CZ292: 52.68 | DA292: 50.46 | DB292: 280 | DC292: 162.01 | DD292: 102.56 | DE292: 84.34 | DF292: 128.65 | DQ292: 52.68 | DR292: 50.46 | DS292: 280 | DT292: 162.01 | DU292: 102.56 | DV292: 84.34 | DW292: 128.65 | EH292: 52.68 | EI292: 50.46 | EJ292: 268.32 | EK292: 286.82 | EL292: 113.47 | EM292: 99.6 | EN292: 117.97 | EY292: 77.72 | EZ292: 61.4 | FA292: 315.14 | FB292: 332.92 | FC292: 205.1 | FD292: 160.74 | FE292: 138.96 | FP292: 34.96 | FQ292: 40.09 | FR292: 189.2 | FS292: 182.32 | FT292: 92.72 | FU292: 77.06 | FV292: 95.55 | GG292: 46.69 | GH292: 42.24 | GI292: 227.02 | GJ292: 107.41 | GK292: 57.74 | GL292: 48.52 | GM292: 77.46 | GX292: 46.69 | GY292: 42.19 | GZ292: 227.02 | HA292: 107.41 | HB292: 57.87 | HC292: 48.52 | HD292: 77.67 | HO292: 38.83 | HP292: 41.67 | HQ292: 194.17 | HR292: 190.24 | HS292: 57.97 | HT292: 62.23 | HU292: 74.65 | IF292: 62.8 | IG292: 45.6 | IH292: 247.2 | II292: 214.34 | IJ292: 151.73 | IK292: 119.39 | IL292: 110.72
A293: 292 | B293: 23.9 | C293: 20.08 | D293: 5.65 | E293: 114.89 | F293: 8.15 | G293: 78.84 | H293: 20.3 | S293: 35.1 | T293: 31.5 | U293: 171.6 | V293: 48.37 | W293: 4.3 | X293: 3.32 | Y293: 0 | AJ293: 35.1 | AK293: 31.5 | AL293: 171.6 | AM293: 48.37 | AN293: 4.3 | AO293: 30.3 | AP293: 0 | BA293: 23.9 | BB293: 31.5 | BC293: 10.8 | BD293: 88.27 | BE293: 1.06 | BF293: 20.4 | BG293: 7.67 | BR293: 39.59 | BS293: 34.4 | BT293: 188.05 | BU293: 135 | BV293: 126 | BW293: 93.93 | BX293: 76.64 | CI293: 47.9 | CJ293: 49.58 | CK293: 235.68 | CL293: 247.74 | CM293: 138.87 | CN293: 181.28 | CO293: 107.69 | CZ293: 50.99 | DA293: 49.6 | DB293: 256.33 | DC293: 136.74 | DD293: 95.72 | DE293: 109.56 | DF293: 72.14 | DQ293: 50.99 | DR293: 49.6 | DS293: 256.33 | DT293: 136.74 | DU293: 95.72 | DV293: 109.56 | DW293: 72.14 | EH293: 47.9 | EI293: 49.6 | EJ293: 235.82 | EK293: 232.85 | EL293: 143.88 | EM293: 138.94 | EN293: 72.14 | EY293: 74.7 | EZ293: 61.55 | FA293: 350 | FB293: 290.6 | FC293: 200.01 | FD293: 152.82 | FE293: 132.08 | FP293: 33.14 | FQ293: 30.83 | FR293: 145.13 | FS293: 167.86 | FT293: 97.57 | FU293: 102.61 | FV293: 73.44 | GG293: 42.22 | GH293: 39.83 | GI293: 204.09 | GJ293: 78.3 | GK293: 68.44 | GL293: 53.3 | GM293: 29.29 | GX293: 42.22 | GY293: 39.49 | GZ293: 204.09 | HA293: 76.46 | HB293: 68.44 | HC293: 64.91 | HD293: 29.29 | HO293: 33.15 | HP293: 38.87 | HQ293: 157.07 | HR293: 156.49 | HS293: 85.93 | HT293: 66.58 | HU293: 29.01 | IF293: 52.58 | IG293: 43.61 | IH293: 251.29 | II293: 176.82 | IJ293: 151.34 | IK293: 116.07 | IL293: 102.44
A294: 293 | B294: 26.3 | C294: 29.04 | D294: 0.09 | E294: 71.97 | F294: 23.05 | G294: 54.9 | H294: 43.83 | S294: 32.3 | T294: 21.64 | U294: 144.98 | V294: 64.22 | W294: 1.64 | X294: 5.05 | Y294: 0.28 | AJ294: 32.3 | AK294: 21.64 | AL294: 144.98 | AM294: 64.22 | AN294: 1.64 | AO294: 5.05 | AP294: 0.28 | BA294: 26.3 | BB294: 29.04 | BC294: 0.91 | BD294: 66.74 | BE294: 5.7 | BF294: 5.05 | BG294: 0.28 | BR294: 35.94 | BS294: 38 | BT294: 179.72 | BU294: 153.82 | BV294: 120 | BW294: 91.2 | BX294: 94.22 | CI294: 51.06 | CJ294: 70.3 | CK294: 132.17 | CL294: 195.81 | CM294: 124.76 | CN294: 135.82 | CO294: 131.12 | CZ294: 56.14 | DA294: 48.2 | DB294: 261.53 | DC294: 122.96 | DD294: 74.99 | DE294: 91.5 | DF294: 100.34 | DQ294: 56.14 | DR294: 48.2 | DS294: 261.53 | DT294: 122.96 | DU294: 74.99 | DV294: 91.5 | DW294: 100.34 | EH294: 51.06 | EI294: 70.3 | EJ294: 228.31 | EK294: 197.01 | EL294: 127.78 | EM294: 73.33 | EN294: 92.84 | EY294: 65.32 | EZ294: 74.36 | FA294: 305.95 | FB294: 310 | FC294: 171.07 | FD294: 150.96 | FE294: 151.22 | FP294: 34.89 | FQ294: 44.3 | FR294: 61.78 | FS294: 140.55 | FT294: 85.12 | FU294: 83.03 | FV294: 81.07 | GG294: 42.99 | GH294: 35.23 | GI294: 203.15 | GJ294: 87.3 | GK294: 25.12 | GL294: 47.41 | GM294: 40.39 | GX294: 42.99 | GY294: 35.23 | GZ294: 203.15 | HA294: 87.3 | HB294: 25.12 | HC294: 49.16 | HD294: 41.05 | HO294: 34.89 | HP294: 44.15 | HQ294: 100.23 | HR294: 144.84 | HS294: 84.49 | HT294: 37.63 | HU294: 32.48 | IF294: 43.62 | IG294: 51.88 | IH294: 230.48 | II294: 201.09 | IJ294: 138.21 | IK294: 109.15 | IL294: 123.33
A295: 294 | B295: 25.7 | C295: 24.8 | D295: 18.8 | E295: 111.01 | F295: 10 | G295: -2.01 | H295: 22.28 | S295: 44.19 | T295: 24.8 | U295: 180.59 | V295: 75 | W295: 10 | X295: -0.01 | Y295: 1.84 | AJ295: 44.19 | AK295: 24.8 | AL295: 180.59 | AM295: 75 | AN295: 10 | AO295: 0.02 | AP295: 1.84 | BA295: 25.7 | BB295: 24.8 | BC295: 0.04 | BD295: 84.92 | BE295: 10 | BF295: -2.01 | BG295: 11.05 | BR295: 33.48 | BS295: 40.94 | BT295: 172 | BU295: 144.17 | BV295: 115.72 | BW295: 101.05 | BX295: 100.86 | CI295: 66.51 | CJ295: 49.02 | CK295: 118.21 | CL295: 209.94 | CM295: 128.4 | CN295: 75.32 | CO295: 121.8 | CZ295: 60.46 | DA295: 45.67 | DB295: 250 | DC295: 172.76 | DD295: 200 | DE295: 125.89 | DF295: 101.18 | DQ295: 60.46 | DR295: 45.67 | DS295: 250 | DT295: 172.76 | DU295: 200 | DV295: 125.89 | DW295: 101.18 | EH295: 66.51 | EI295: 49.02 | EJ295: 272.47 | EK295: 206.63 | EL295: 114.96 | EM295: 47.41 | EN295: 118.74 | EY295: 74.22 | EZ295: 67.11 | FA295: 271.25 | FB295: 296.5 | FC295: 173.51 | FD295: 147.86 | FE295: 161.95 | FP295: 44.48 | FQ295: 35.03 | FR295: 64.16 | FS295: 164.52 | FT295: 53.46 | FU295: 30.9 | FV295: 70.72 | GG295: 54.1 | GH295: 35.74 | GI295: 207.35 | GJ295: 112.01 | GK295: 67.68 | GL295: 48.05 | GM295: 38.71 | GX295: 54.1 | GY295: 35.74 | GZ295: 207.35 | HA295: 112.01 | HB295: 67.68 | HC295: 54.06 | HD295: 38.71 | HO295: 45.46 | HP295: 39.29 | HQ295: 166.48 | HR295: 158.89 | HS295: 42.04 | HT295: 10.86 | HU295: 58.51 | IF295: 51.6 | IG295: 49.54 | IH295: 216.78 | II295: 196.49 | IJ295: 136.44 | IK295: 118.39 | IL295: 127.42
A296: 295 | B296: 31.84 | C296: 1.09 | D296: 23.22 | E296: 99.15 | F296: 15.63 | G296: -0.14 | H296: 85.4 | S296: 33.5 | T296: 22.2 | U296: 173.27 | V296: 55.2 | W296: 46.2 | X296: 64 | Y296: 0.01 | AJ296: 35.85 | AK296: 22.2 | AL296: 173.27 | AM296: 55.2 | AN296: 46.2 | AO296: 64 | AP296: 0.01 | BA296: 31.84 | BB296: 26.9 | BC296: 134.76 | BD296: 99.15 | BE296: 15.63 | BF296: 0 | BG296: 1.46 | BR296: 40.82 | BS296: 38.61 | BT296: 172 | BU296: 99.15 | BV296: 60 | BW296: 98.15 | BX296: 102.38 | CI296: 65.47 | CJ296: 52.95 | CK296: 121.06 | CL296: 183.23 | CM296: 139.02 | CN296: 222.11 | CO296: 296.48 | CZ296: 57.88 | DA296: 49.77 | DB296: 255.5 | DC296: 140.67 | DD296: 113.93 | DE296: 181 | DF296: 74.39 | DQ296: 57.88 | DR296: 49.32 | DS296: 255.5 | DT296: 140.67 | DU296: 113.93 | DV296: 181 | DW296: 74.39 | EH296: 65.47 | EI296: 54.14 | EJ296: 259.94 | EK296: 183.41 | EL296: 140.59 | EM296: 158.4 | EN296: 136.34 | EY296: 66.21 | EZ296: 62.89 | FA296: 312.66 | FB296: 183.41 | FC296: 195.78 | FD296: 178.91 | FE296: 164.93 | FP296: 46.5 | FQ296: 30.66 | FR296: 72.64 | FS296: 137.11 | FT296: 69.36 | FU296: 90.59 | FV296: 126.1 | GG296: 48.05 | GH296: 37.44 | GI296: 204.02 | GJ296: 101.13 | GK296: 85.3 | GL296: 92.53 | GM296: 25.03 | GX296: 48.16 | GY296: 37.34 | GZ296: 204.02 | HA296: 101.13 | HB296: 85.3 | HC296: 92.9 | HD296: 25.51 | HO296: 47.09 | HP296: 39.23 | HQ296: 213.06 | HR296: 127.35 | HS296: 68.51 | HT296: 73.58 | HU296: 64.59 | IF296: 50 | IG296: 47 | IH296: 236.9 | II296: 138.53 | IJ296: 128.71 | IK296: 128.89 | IL296: 128.18
... A366: 365 | B366: 4.97 | C366: 32.01 | D366: -0.06 | E366: -5.17 | F366: -0.03 | G366: 35.66 | H366: 58.28 | S366: 28.59 | T366: 33.5 | U366: 111.1 | V366: 0 | W366: 0 | X366: 116.02 | Y366: 75.16 | AJ366: 28.59 | AK366: 33.5 | AL366: 111.1 | AM366: 0 | AN366: 0 | AO366: 116.02 | AP366: 75.16 | BA366: 28.59 | BB366: 33.5 | BC366: 37.33 | BD366: 0 | BE366: 0 | BF366: 82.97 | BG366: 74.93 | BR366: 28.59 | BS366: 33.5 | BT366: 94.48 | BU366: 157 | BV366: 95 | BW366: 123.46 | BX366: 92.7 | CI366: 47.73 | CJ366: 60 | CK366: 62.23 | CL366: 0.63 | CM366: 26 | CN366: 109.97 | CO366: 110.1 | CZ366: 47.73 | DA366: 59.96 | DB366: 193.15 | DC366: 20 | DD366: 101.3 | DE366: 172.72 | DF366: 135.43 | DQ366: 47.73 | DR366: 59.96 | DS366: 193.15 | DT366: 11.01 | DU366: 101.3 | DV366: 172.72 | DW366: 135.43 | EH366: 47.73 | EI366: 60.08 | EJ366: 193.15 | EK366: 20.47 | EL366: 25.94 | EM366: 144.3 | EN366: 112.02 | EY366: 59.47 | EZ366: 61.42 | FA366: 233.93 | FB366: 333 | FC366: 136.07 | FD366: 178.96 | FE366: 144.65 | FP366: 33.47 | FQ366: 47.09 | FR366: 13.98 | FS366: -1.01 | FT366: 8.38 | FU366: 77.27 | FV366: 86.07 | GG366: 38.46 | GH366: 48.91 | GI366: 140.65 | GJ366: 2.61 | GK366: 31.94 | GL366: 141.08 | GM366: 98.17 | GX366: 38.46 | GY366: 49.01 | GZ366: 140.65 | HA366: 1.52 | HB366: 33.52 | HC366: 141.08 | HD366: 98.17 | HO366: 38.44 | HP366: 50.2 | HQ366: 118.69 | HR366: 4.33 | HS366: 8.67 | HT366: 117.88 | HU366: 88.53 | IF366: 44 | IG366: 51.37 | IH366: 169.59 | II366: 224.6 | IJ366: 112.05 | IK366: 147.54 | IL366: 110.07
A367: 366 | C367: 29.24 | G367: 0.52 | T367: 31.67 | X367: 111.75 | AK367: 31.67 | AO367: 111.75 | BB367: 31.67 | BF367: 12.36 | BS367: 24.92 | BW367: 110.41 | CJ367: 61.34 | CN367: 83.67 | DA367: 61.08 | DE367: 159.44 | DR367: 61.08 | DV367: 159.44 | EI367: 61.34 | EM367: 131.38 | EZ367: 64.71 | FD367: 173.41 | FQ367: 47.22 | FU367: 60.09 | GH367: 49.02 | GL367: 135.42 | GY367: 49.02 | HC367: 135.42 | HP367: 49.6 | HT367: 93.57 | IG367: 49.32 | IK367: 138.07

Sheet Fig7_GenMix
A1: hour_utc | B1: DE_2019_Nuclear | C1: DE_2019_Lignite | D1: DE_2019_Hard coal | E1: DE_2019_Gas | F1: DE_2019_Oil & other fossil | G1: DE_2019_Biomass | H1: DE_2019_Waste | I1: DE_2019_Geothermal | J1: DE_2019_Hydro run-of-river | K1: DE_2019_Hydro reservoir | L1: DE_2019_Hydro pumped (production) | M1: DE_2019_Onshore wind | N1: DE_2019_Offshore wind | O1: DE_2019_Solar | P1: DE_2019_Marine | Q1: DE_2019_Other renewable | R1: DE_2019_Other | S1: DE_2019_pumped_consumption | T1: DE_2019_flow_net | U1: DE_2019_price | V1: DE_2020_Nuclear | W1: DE_2020_Lignite | X1: DE_2020_Hard coal | Y1: DE_2020_Gas | Z1: DE_2020_Oil & other fossil | AA1: DE_2020_Biomass | AB1: DE_2020_Waste | AC1: DE_2020_Geothermal | AD1: DE_2020_Hydro run-of-river | AE1: DE_2020_Hydro reservoir | AF1: DE_2020_Hydro pumped (production) | AG1: DE_2020_Onshore wind | AH1: DE_2020_Offshore wind | AI1: DE_2020_Solar | AJ1: DE_2020_Marine | AK1: DE_2020_Other renewable | AL1: DE_2020_Other | AM1: DE_2020_pumped_consumption | AN1: DE_2020_flow_net | AO1: DE_2020_price | AP1: DE_2021_Nuclear | AQ1: DE_2021_Lignite | AR1: DE_2021_Hard coal | AS1: DE_2021_Gas | AT1: DE_2021_Oil & other fossil | AU1: DE_2021_Biomass | AV1: DE_2021_Waste | AW1: DE_2021_Geothermal | AX1: DE_2021_Hydro run-of-river | AY1: DE_2021_Hydro reservoir | AZ1: DE_2021_Hydro pumped (production) | BA1: DE_2021_Onshore wind | BB1: DE_2021_Offshore wind | BC1: DE_2021_Solar | BD1: DE_2021_Marine | BE1: DE_2021_Other renewable | BF1: DE_2021_Other | BG1: DE_2021_pumped_consumption | BH1: DE_2021_flow_net | BI1: DE_2021_price | BJ1: DE_2022_Nuclear | BK1: DE_2022_Lignite | BL1: DE_2022_Hard coal | BM1: DE_2022_Gas | BN1: DE_2022_Oil & other fossil | BO1: DE_2022_Biomass | BP1: DE_2022_Waste | BQ1: DE_2022_Geothermal | BR1: DE_2022_Hydro run-of-river | BS1: DE_2022_Hydro reservoir | BT1: DE_2022_Hydro pumped (production) | BU1: DE_2022_Onshore wind | BV1: DE_2022_Offshore wind | BW1: DE_2022_Solar | BX1: DE_2022_Marine | BY1: DE_2022_Other renewable | BZ1: DE_2022_Other | CA1: DE_2022_pumped_consumption | CB1: DE_2022_flow_net | CC1: DE_2022_price | CD1: DE_2023_Nuclear | CE1: DE_2023_Lignite | CF1: DE_2023_Hard coal | CG1: DE_2023_Gas | CH1: DE_2023_Oil & other fossil | CI1: DE_2023_Biomass | CJ1: DE_2023_Waste | CK1: DE_2023_Geothermal | CL1: DE_2023_Hydro run-of-river | CM1: DE_2023_Hydro reservoir | CN1: DE_2023_Hydro pumped (production) | CO1: DE_2023_Onshore wind | CP1: DE_2023_Offshore wind | CQ1: DE_2023_Solar | CR1: DE_2023_Marine | CS1: DE_2023_Other renewable | CT1: DE_2023_Other | CU1: DE_2023_pumped_consumption | CV1: DE_2023_flow_net | CW1: DE_2023_price | CX1: DE_2024_Nuclear | CY1: DE_2024_Lignite | CZ1: DE_2024_Hard coal | DA1: DE_2024_Gas | DB1: DE_2024_Oil & other fossil | DC1: DE_2024_Biomass | DD1: DE_2024_Waste | DE1: DE_2024_Geothermal | DF1: DE_2024_Hydro run-of-river | DG1: DE_2024_Hydro reservoir | DH1: DE_2024_Hydro pumped (production) | DI1: DE_2024_Onshore wind | DJ1: DE_2024_Offshore wind | DK1: DE_2024_Solar | DL1: DE_2024_Marine | DM1: DE_2024_Other renewable | DN1: DE_2024_Other | DO1: DE_2024_pumped_consumption | DP1: DE_2024_flow_net | DQ1: DE_2024_price | DR1: DE_2025_Nuclear | DS1: DE_2025_Lignite | DT1: DE_2025_Hard coal | DU1: DE_2025_Gas | DV1: DE_2025_Oil & other fossil | DW1: DE_2025_Biomass | DX1: DE_2025_Waste | DY1: DE_2025_Geothermal | DZ1: DE_2025_Hydro run-of-river | EA1: DE_2025_Hydro reservoir | EB1: DE_2025_Hydro pumped (production) | EC1: DE_2025_Onshore wind | ED1: DE_2025_Offshore wind | EE1: DE_2025_Solar | EF1: DE_2025_Marine | EG1: DE_2025_Other renewable | EH1: DE_2025_Other | EI1: DE_2025_pumped_consumption | EJ1: DE_2025_flow_net | EK1: DE_2025_price | EL1: DE_2026_Nuclear | EM1: DE_2026_Lignite | EN1: DE_2026_Hard coal | EO1: DE_2026_Gas | EP1: DE_2026_Oil & other fossil | EQ1: DE_2026_Biomass | ER1: DE_2026_Waste | ES1: DE_2026_Geothermal | ET1: DE_2026_Hydro run-of-river | EU1: DE_2026_Hydro reservoir | EV1: DE_2026_Hydro pumped (production) | EW1: DE_2026_Onshore wind | EX1: DE_2026_Offshore wind | EY1: DE_2026_Solar | EZ1: DE_2026_Marine | FA1: DE_2026_Other renewable | FB1: DE_2026_Other | FC1: DE_2026_pumped_consumption | FD1: DE_2026_flow_net | FE1: DE_2026_price | FF1: DE_2027_Nuclear | FG1: DE_2027_Lignite | FH1: DE_2027_Hard coal | FI1: DE_2027_Gas | FJ1: DE_2027_Oil & other fossil | FK1: DE_2027_Biomass | FL1: DE_2027_Waste | FM1: DE_2027_Geothermal | FN1: DE_2027_Hydro run-of-river | FO1: DE_2027_Hydro reservoir | FP1: DE_2027_Hydro pumped (production) | FQ1: DE_2027_Onshore wind | FR1: DE_2027_Offshore wind | FS1: DE_2027_Solar | FT1: DE_2027_Marine | FU1: DE_2027_Other renewable | FV1: DE_2027_Other | FW1: DE_2027_pumped_consumption | FX1: DE_2027_flow_net | FY1: DE_2027_price | FZ1: DE_2028_Nuclear | GA1: DE_2028_Lignite | GB1: DE_2028_Hard coal | GC1: DE_2028_Gas | GD1: DE_2028_Oil & other fossil | GE1: DE_2028_Biomass | GF1: DE_2028_Waste | GG1: DE_2028_Geothermal | GH1: DE_2028_Hydro run-of-river | GI1: DE_2028_Hydro reservoir | GJ1: DE_2028_Hydro pumped (production) | GK1: DE_2028_Onshore wind | GL1: DE_2028_Offshore wind | GM1: DE_2028_Solar | GN1: DE_2028_Marine | GO1: DE_2028_Other renewable | GP1: DE_2028_Other | GQ1: DE_2028_pumped_consumption | GR1: DE_2028_flow_net | GS1: DE_2028_price | GT1: DE_2029_Nuclear | GU1: DE_2029_Lignite | GV1: DE_2029_Hard coal | GW1: DE_2029_Gas | GX1: DE_2029_Oil & other fossil | GY1: DE_2029_Biomass | GZ1: DE_2029_Waste | HA1: DE_2029_Geothermal | HB1: DE_2029_Hydro run-of-river | HC1: DE_2029_Hydro reservoir | HD1: DE_2029_Hydro pumped (production) | HE1: DE_2029_Onshore wind | HF1: DE_2029_Offshore wind | HG1: DE_2029_Solar | HH1: DE_2029_Marine | HI1: DE_2029_Other renewable | HJ1: DE_2029_Other | HK1: DE_2029_pumped_consumption | HL1: DE_2029_flow_net | HM1: DE_2029_price | HN1: DE_2030_Nuclear | HO1: DE_2030_Lignite | HP1: DE_2030_Hard coal | HQ1: DE_2030_Gas | HR1: DE_2030_Oil & other fossil | HS1: DE_2030_Biomass | HT1: DE_2030_Waste | HU1: DE_2030_Geothermal | HV1: DE_2030_Hydro run-of-river | HW1: DE_2030_Hydro reservoir | HX1: DE_2030_Hydro pumped (production) | HY1: DE_2030_Onshore wind | HZ1: DE_2030_Offshore wind | IA1: DE_2030_Solar | IB1: DE_2030_Marine | IC1: DE_2030_Other renewable | ID1: DE_2030_Other | IE1: DE_2030_pumped_consumption | IF1: DE_2030_flow_net | IG1: DE_2030_price | IH1: DE_2031_Nuclear | II1: DE_2031_Lignite | IJ1: DE_2031_Hard coal | IK1: DE_2031_Gas | IL1: DE_2031_Oil & other fossil | IM1: DE_2031_Biomass | IN1: DE_2031_Waste | IO1: DE_2031_Geothermal | IP1: DE_2031_Hydro run-of-river | IQ1: DE_2031_Hydro reservoir | IR1: DE_2031_Hydro pumped (production) | IS1: DE_2031_Onshore wind | IT1: DE_2031_Offshore wind | IU1: DE_2031_Solar | IV1: DE_2031_Marine | IW1: DE_2031_Other renewable | IX1: DE_2031_Other | IY1: DE_2031_pumped_consumption | IZ1: DE_2031_flow_net | JA1: DE_2031_price | JB1: DE_2032_Nuclear | JC1: DE_2032_Lignite | JD1: DE_2032_Hard coal | JE1: DE_2032_Gas | JF1: DE_2032_Oil & other fossil | JG1: DE_2032_Biomass | JH1: DE_2032_Waste | JI1: DE_2032_Geothermal | JJ1: DE_2032_Hydro run-of-river | JK1: DE_2032_Hydro reservoir | JL1: DE_2032_Hydro pumped (production) | JM1: DE_2032_Onshore wind | JN1: DE_2032_Offshore wind | JO1: DE_2032_Solar | JP1: DE_2032_Marine | JQ1: DE_2032_Other renewable | JR1: DE_2032_Other | JS1: DE_2032_pumped_consumption | JT1: DE_2032_flow_net | JU1: DE_2032_price | JV1: DE_2033_Nuclear | JW1: DE_2033_Lignite | JX1: DE_2033_Hard coal | JY1: DE_2033_Gas | JZ1: DE_2033_Oil & other fossil | KA1: DE_2033_Biomass | KB1: DE_2033_Waste | KC1: DE_2033_Geothermal | KD1: DE_2033_Hydro run-of-river | KE1: DE_2033_Hydro reservoir | KF1: DE_2033_Hydro pumped (production) | KG1: DE_2033_Onshore wind | KH1: DE_2033_Offshore wind | KI1: DE_2033_Solar | KJ1: DE_2033_Marine | KK1: DE_2033_Other renewable | KL1: DE_2033_Other | KM1: DE_2033_pumped_consumption | KN1: DE_2033_flow_net | KO1: DE_2033_price | KP1: DE_2034_Nuclear | KQ1: DE_2034_Lignite | KR1: DE_2034_Hard coal | KS1: DE_2034_Gas | KT1: DE_2034_Oil & other fossil | KU1: DE_2034_Biomass | KV1: DE_2034_Waste | KW1: DE_2034_Geothermal | KX1: DE_2034_Hydro run-of-river | KY1: DE_2034_Hydro reservoir | KZ1: DE_2034_Hydro pumped (production) | LA1: DE_2034_Onshore wind | LB1: DE_2034_Offshore wind | LC1: DE_2034_Solar | LD1: DE_2034_Marine | LE1: DE_2034_Other renewable | LF1: DE_2034_Other | LG1: DE_2034_pumped_consumption | LH1: DE_2034_flow_net | LI1: DE_2034_price | LJ1: DE_2035_Nuclear | LK1: DE_2035_Lignite | LL1: DE_2035_Hard coal | LM1: DE_2035_Gas | LN1: DE_2035_Oil & other fossil | LO1: DE_2035_Biomass | LP1: DE_2035_Waste | LQ1: DE_2035_Geothermal | LR1: DE_2035_Hydro run-of-river | LS1: DE_2035_Hydro reservoir | LT1: DE_2035_Hydro pumped (production) | LU1: DE_2035_Onshore wind | LV1: DE_2035_Offshore wind | LW1: DE_2035_Solar | LX1: DE_2035_Marine | LY1: DE_2035_Other renewable | LZ1: DE_2035_Other | MA1: DE_2035_pumped_consumption | MB1: DE_2035_flow_net | MC1: DE_2035_price | MD1: ES_2019_Nuclear | ME1: ES_2019_Lignite | MF1: ES_2019_Hard coal | MG1: ES_2019_Gas | MH1: ES_2019_Oil & other fossil | MI1: ES_2019_Biomass | MJ1: ES_2019_Waste | MK1: ES_2019_Geothermal | ML1: ES_2019_Hydro run-of-river | MM1: ES_2019_Hydro reservoir | MN1: ES_2019_Hydro pumped (production) | MO1: ES_2019_Onshore wind | MP1: ES_2019_Offshore wind | MQ1: ES_2019_Solar | MR1: ES_2019_Marine | MS1: ES_2019_Other renewable | MT1: ES_2019_Other | MU1: ES_2019_pumped_consumption | MV1: ES_2019_flow_net | MW1: ES_2019_price | MX1: ES_2020_Nuclear | MY1: ES_2020_Lignite | MZ1: ES_2020_Hard coal | NA1: ES_2020_Gas | NB1: ES_2020_Oil & other fossil | NC1: ES_2020_Biomass | ND1: ES_2020_Waste | NE1: ES_2020_Geothermal | NF1: ES_2020_Hydro run-of-river | NG1: ES_2020_Hydro reservoir | NH1: ES_2020_Hydro pumped (production) | NI1: ES_2020_Onshore wind | NJ1: ES_2020_Offshore wind | NK1: ES_2020_Solar | NL1: ES_2020_Marine | NM1: ES_2020_Other renewable | NN1: ES_2020_Other | NO1: ES_2020_pumped_consumption | NP1: ES_2020_flow_net | NQ1: ES_2020_price | NR1: ES_2021_Nuclear | NS1: ES_2021_Lignite | NT1: ES_2021_Hard coal | NU1: ES_2021_Gas | NV1: ES_2021_Oil & other fossil | NW1: ES_2021_Biomass | NX1: ES_2021_Waste | NY1: ES_2021_Geothermal | NZ1: ES_2021_Hydro run-of-river | OA1: ES_2021_Hydro reservoir | OB1: ES_2021_Hydro pumped (production) | OC1: ES_2021_Onshore wind | OD1: ES_2021_Offshore wind | OE1: ES_2021_Solar | OF1: ES_2021_Marine | OG1: ES_2021_Other renewable | OH1: ES_2021_Other | OI1: ES_2021_pumped_consumption | OJ1: ES_2021_flow_net | OK1: ES_2021_price | OL1: ES_2022_Nuclear | OM1: ES_2022_Lignite | ON1: ES_2022_Hard coal | OO1: ES_2022_Gas | OP1: ES_2022_Oil & other fossil | OQ1: ES_2022_Biomass | OR1: ES_2022_Waste | OS1: ES_2022_Geothermal | OT1: ES_2022_Hydro run-of-river | OU1: ES_2022_Hydro reservoir | OV1: ES_2022_Hydro pumped (production) | OW1: ES_2022_Onshore wind | OX1: ES_2022_Offshore wind | OY1: ES_2022_Solar | OZ1: ES_2022_Marine | PA1: ES_2022_Other renewable | PB1: ES_2022_Other | PC1: ES_2022_pumped_consumption | PD1: ES_2022_flow_net | PE1: ES_2022_price | PF1: ES_2023_Nuclear | PG1: ES_2023_Lignite | PH1: ES_2023_Hard coal | PI1: ES_2023_Gas | PJ1: ES_2023_Oil & other fossil | PK1: ES_2023_Biomass | PL1: ES_2023_Waste | PM1: ES_2023_Geothermal | PN1: ES_2023_Hydro run-of-river | PO1: ES_2023_Hydro reservoir | PP1: ES_2023_Hydro pumped (production) | PQ1: ES_2023_Onshore wind | PR1: ES_2023_Offshore wind | PS1: ES_2023_Solar | PT1: ES_2023_Marine | PU1: ES_2023_Other renewable | PV1: ES_2023_Other | PW1: ES_2023_pumped_consumption | PX1: ES_2023_flow_net | PY1: ES_2023_price | PZ1: ES_2024_Nuclear | QA1: ES_2024_Lignite | QB1: ES_2024_Hard coal | QC1: ES_2024_Gas | QD1: ES_2024_Oil & other fossil | QE1: ES_2024_Biomass | QF1: ES_2024_Waste | QG1: ES_2024_Geothermal | QH1: ES_2024_Hydro run-of-river | QI1: ES_2024_Hydro reservoir | QJ1: ES_2024_Hydro pumped (production) | QK1: ES_2024_Onshore wind | QL1: ES_2024_Offshore wind | QM1: ES_2024_Solar | QN1: ES_2024_Marine | QO1: ES_2024_Other renewable | QP1: ES_2024_Other | QQ1: ES_2024_pumped_consumption | QR1: ES_2024_flow_net | QS1: ES_2024_price | QT1: ES_2025_Nuclear | QU1: ES_2025_Lignite | QV1: ES_2025_Hard coal | QW1: ES_2025_Gas | QX1: ES_2025_Oil & other fossil | QY1: ES_2025_Biomass | QZ1: ES_2025_Waste | RA1: ES_2025_Geothermal | RB1: ES_2025_Hydro run-of-river | RC1: ES_2025_Hydro reservoir | RD1: ES_2025_Hydro pumped (production) | RE1: ES_2025_Onshore wind | RF1: ES_2025_Offshore wind | RG1: ES_2025_Solar | RH1: ES_2025_Marine | RI1: ES_2025_Other renewable | RJ1: ES_2025_Other | RK1: ES_2025_pumped_consumption | RL1: ES_2025_flow_net | RM1: ES_2025_price | RN1: ES_2026_Nuclear | RO1: ES_2026_Lignite | RP1: ES_2026_Hard coal | RQ1: ES_2026_Gas | RR1: ES_2026_Oil & other fossil | RS1: ES_2026_Biomass | RT1: ES_2026_Waste | RU1: ES_2026_Geothermal | RV1: ES_2026_Hydro run-of-river | RW1: ES_2026_Hydro reservoir | RX1: ES_2026_Hydro pumped (production) | RY1: ES_2026_Onshore wind | RZ1: ES_2026_Offshore wind | SA1: ES_2026_Solar | SB1: ES_2026_Marine | SC1: ES_2026_Other renewable | SD1: ES_2026_Other | SE1: ES_2026_pumped_consumption | SF1: ES_2026_flow_net | SG1: ES_2026_price | SH1: ES_2027_Nuclear | SI1: ES_2027_Lignite | SJ1: ES_2027_Hard coal | SK1: ES_2027_Gas | SL1: ES_2027_Oil & other fossil | SM1: ES_2027_Biomass | SN1: ES_2027_Waste | SO1: ES_2027_Geothermal | SP1: ES_2027_Hydro run-of-river | SQ1: ES_2027_Hydro reservoir | SR1: ES_2027_Hydro pumped (production) | SS1: ES_2027_Onshore wind | ST1: ES_2027_Offshore wind | SU1: ES_2027_Solar | SV1: ES_2027_Marine | SW1: ES_2027_Other renewable | SX1: ES_2027_Other | SY1: ES_2027_pumped_consumption | SZ1: ES_2027_flow_net | TA1: ES_2027_price | TB1: ES_2028_Nuclear | TC1: ES_2028_Lignite | TD1: ES_2028_Hard coal | TE1: ES_2028_Gas | TF1: ES_2028_Oil & other fossil | TG1: ES_2028_Biomass | TH1: ES_2028_Waste | TI1: ES_2028_Geothermal | TJ1: ES_2028_Hydro run-of-river | TK1: ES_2028_Hydro reservoir | TL1: ES_2028_Hydro pumped (production) | TM1: ES_2028_Onshore wind | TN1: ES_2028_Offshore wind | TO1: ES_2028_Solar | TP1: ES_2028_Marine | TQ1: ES_2028_Other renewable | TR1: ES_2028_Other | TS1: ES_2028_pumped_consumption | TT1: ES_2028_flow_net | TU1: ES_2028_price | TV1: ES_2029_Nuclear | TW1: ES_2029_Lignite | TX1: ES_2029_Hard coal | TY1: ES_2029_Gas | TZ1: ES_2029_Oil & other fossil | UA1: ES_2029_Biomass | UB1: ES_2029_Waste | UC1: ES_2029_Geothermal | UD1: ES_2029_Hydro run-of-river | UE1: ES_2029_Hydro reservoir | UF1: ES_2029_Hydro pumped (production) | UG1: ES_2029_Onshore wind | UH1: ES_2029_Offshore wind | UI1: ES_2029_Solar | UJ1: ES_2029_Marine | UK1: ES_2029_Other renewable | UL1: ES_2029_Other | UM1: ES_2029_pumped_consumption | UN1: ES_2029_flow_net | UO1: ES_2029_price | UP1: ES_2030_Nuclear | UQ1: ES_2030_Lignite | UR1: ES_2030_Hard coal | US1: ES_2030_Gas | UT1: ES_2030_Oil & other fossil | UU1: ES_2030_Biomass | UV1: ES_2030_Waste | UW1: ES_2030_Geothermal | UX1: ES_2030_Hydro run-of-river | UY1: ES_2030_Hydro reservoir | UZ1: ES_2030_Hydro pumped (production) | VA1: ES_2030_Onshore wind | VB1: ES_2030_Offshore wind | VC1: ES_2030_Solar | VD1: ES_2030_Marine | VE1: ES_2030_Other renewable | VF1: ES_2030_Other | VG1: ES_2030_pumped_consumption | VH1: ES_2030_flow_net | VI1: ES_2030_price | VJ1: ES_2031_Nuclear | VK1: ES_2031_Lignite | VL1: ES_2031_Hard coal | VM1: ES_2031_Gas | VN1: ES_2031_Oil & other fossil | VO1: ES_2031_Biomass | VP1: ES_2031_Waste | VQ1: ES_2031_Geothermal | VR1: ES_2031_Hydro run-of-river | VS1: ES_2031_Hydro reservoir | VT1: ES_2031_Hydro pumped (production) | VU1: ES_2031_Onshore wind | VV1: ES_2031_Offshore wind | VW1: ES_2031_Solar | VX1: ES_2031_Marine | VY1: ES_2031_Other renewable | VZ1: ES_2031_Other | WA1: ES_2031_pumped_consumption | WB1: ES_2031_flow_net | WC1: ES_2031_price | WD1: ES_2032_Nuclear | WE1: ES_2032_Lignite | WF1: ES_2032_Hard coal | WG1: ES_2032_Gas | WH1: ES_2032_Oil & other fossil | WI1: ES_2032_Biomass | WJ1: ES_2032_Waste | WK1: ES_2032_Geothermal | WL1: ES_2032_Hydro run-of-river | WM1: ES_2032_Hydro reservoir | WN1: ES_2032_Hydro pumped (production) | WO1: ES_2032_Onshore wind | WP1: ES_2032_Offshore wind | WQ1: ES_2032_Solar | WR1: ES_2032_Marine | WS1: ES_2032_Other renewable | WT1: ES_2032_Other | WU1: ES_2032_pumped_consumption | WV1: ES_2032_flow_net | WW1: ES_2032_price | WX1: ES_2033_Nuclear | WY1: ES_2033_Lignite | WZ1: ES_2033_Hard coal | XA1: ES_2033_Gas | XB1: ES_2033_Oil & other fossil | XC1: ES_2033_Biomass | XD1: ES_2033_Waste | XE1: ES_2033_Geothermal | XF1: ES_2033_Hydro run-of-river | XG1: ES_2033_Hydro reservoir | XH1: ES_2033_Hydro pumped (production) | XI1: ES_2033_Onshore wind | XJ1: ES_2033_Offshore wind | XK1: ES_2033_Solar | XL1: ES_2033_Marine | XM1: ES_2033_Other renewable | XN1: ES_2033_Other | XO1: ES_2033_pumped_consumption | XP1: ES_2033_flow_net | XQ1: ES_2033_price | XR1: ES_2034_Nuclear | XS1: ES_2034_Lignite | XT1: ES_2034_Hard coal | XU1: ES_2034_Gas | XV1: ES_2034_Oil & other fossil | XW1: ES_2034_Biomass | XX1: ES_2034_Waste | XY1: ES_2034_Geothermal | XZ1: ES_2034_Hydro run-of-river | YA1: ES_2034_Hydro reservoir | YB1: ES_2034_Hydro pumped (production) | YC1: ES_2034_Onshore wind | YD1: ES_2034_Offshore wind | YE1: ES_2034_Solar | YF1: ES_2034_Marine | YG1: ES_2034_Other renewable | YH1: ES_2034_Other | YI1: ES_2034_pumped_consumption | YJ1: ES_2034_flow_net | YK1: ES_2034_price | YL1: ES_2035_Nuclear | YM1: ES_2035_Lignite | YN1: ES_2035_Hard coal | YO1: ES_2035_Gas | YP1: ES_2035_Oil & other fossil | YQ1: ES_2035_Biomass | YR1: ES_2035_Waste | YS1: ES_2035_Geothermal | YT1: ES_2035_Hydro run-of-river | YU1: ES_2035_Hydro reservoir | YV1: ES_2035_Hydro pumped (production) | YW1: ES_2035_Onshore wind | YX1: ES_2035_Offshore wind | YY1: ES_2035_Solar | YZ1: ES_2035_Marine | ZA1: ES_2035_Other renewable | ZB1: ES_2035_Other | ZC1: ES_2035_pumped_consumption | ZD1: ES_2035_flow_net | ZE1: ES_2035_price | ZF1: PT_2019_Nuclear | ZG1: PT_2019_Lignite | ZH1: PT_2019_Hard coal | ZI1: PT_2019_Gas | ZJ1: PT_2019_Oil & other fossil | ZK1: PT_2019_Biomass | ZL1: PT_2019_Waste | ZM1: PT_2019_Geothermal | ZN1: PT_2019_Hydro run-of-river | ZO1: PT_2019_Hydro reservoir | ZP1: PT_2019_Hydro pumped (production) | ZQ1: PT_2019_Onshore wind | ZR1: PT_2019_Offshore wind | ZS1: PT_2019_Solar | ZT1: PT_2019_Marine | ZU1: PT_2019_Other renewable | ZV1: PT_2019_Other | ZW1: PT_2019_pumped_consumption | ZX1: PT_2019_flow_net | ZY1: PT_2019_price | ZZ1: PT_2020_Nuclear | AAA1: PT_2020_Lignite | AAB1: PT_2020_Hard coal | AAC1: PT_2020_Gas | AAD1: PT_2020_Oil & other fossil | AAE1: PT_2020_Biomass | AAF1: PT_2020_Waste | AAG1: PT_2020_Geothermal | AAH1: PT_2020_Hydro run-of-river | AAI1: PT_2020_Hydro reservoir | AAJ1: PT_2020_Hydro pumped (production) | AAK1: PT_2020_Onshore wind | AAL1: PT_2020_Offshore wind | AAM1: PT_2020_Solar | AAN1: PT_2020_Marine | AAO1: PT_2020_Other renewable | AAP1: PT_2020_Other | AAQ1: PT_2020_pumped_consumption | AAR1: PT_2020_flow_net | AAS1: PT_2020_price | AAT1: PT_2021_Nuclear | AAU1: PT_2021_Lignite | AAV1: PT_2021_Hard coal | AAW1: PT_2021_Gas | AAX1: PT_2021_Oil & other fossil | AAY1: PT_2021_Biomass | AAZ1: PT_2021_Waste | ABA1: PT_2021_Geothermal | ABB1: PT_2021_Hydro run-of-river | ABC1: PT_2021_Hydro reservoir | ABD1: PT_2021_Hydro pumped (production) | ABE1: PT_2021_Onshore wind | ABF1: PT_2021_Offshore wind | ABG1: PT_2021_Solar | ABH1: PT_2021_Marine | ABI1: PT_2021_Other renewable | ABJ1: PT_2021_Other | ABK1: PT_2021_pumped_consumption | ABL1: PT_2021_flow_net | ABM1: PT_2021_price | ABN1: PT_2022_Nuclear | ABO1: PT_2022_Lignite | ABP1: PT_2022_Hard coal | ABQ1: PT_2022_Gas | ABR1: PT_2022_Oil & other fossil | ABS1: PT_2022_Biomass | ABT1: PT_2022_Waste | ABU1: PT_2022_Geothermal | ABV1: PT_2022_Hydro run-of-river | ABW1: PT_2022_Hydro reservoir | ABX1: PT_2022_Hydro pumped (production) | ABY1: PT_2022_Onshore wind | ABZ1: PT_2022_Offshore wind | ACA1: PT_2022_Solar | ACB1: PT_2022_Marine | ACC1: PT_2022_Other renewable | ACD1: PT_2022_Other | ACE1: PT_2022_pumped_consumption | ACF1: PT_2022_flow_net | ACG1: PT_2022_price | ACH1: PT_2023_Nuclear | ACI1: PT_2023_Lignite | ACJ1: PT_2023_Hard coal | ACK1: PT_2023_Gas | ACL1: PT_2023_Oil & other fossil | ACM1: PT_2023_Biomass | ACN1: PT_2023_Waste | ACO1: PT_2023_Geothermal | ACP1: PT_2023_Hydro run-of-river | ACQ1: PT_2023_Hydro reservoir | ACR1: PT_2023_Hydro pumped (production) | ACS1: PT_2023_Onshore wind | ACT1: PT_2023_Offshore wind | ACU1: PT_2023_Solar | ACV1: PT_2023_Marine | ACW1: PT_2023_Other renewable | ACX1: PT_2023_Other | ACY1: PT_2023_pumped_consumption | ACZ1: PT_2023_flow_net | ADA1: PT_2023_price | ADB1: PT_2024_Nuclear | ADC1: PT_2024_Lignite | ADD1: PT_2024_Hard coal | ADE1: PT_2024_Gas | ADF1: PT_2024_Oil & other fossil | ADG1: PT_2024_Biomass | ADH1: PT_2024_Waste | ADI1: PT_2024_Geothermal | ADJ1: PT_2024_Hydro run-of-river | ADK1: PT_2024_Hydro reservoir | ADL1: PT_2024_Hydro pumped (production) | ADM1: PT_2024_Onshore wind | ADN1: PT_2024_Offshore wind | ADO1: PT_2024_Solar | ADP1: PT_2024_Marine | ADQ1: PT_2024_Other renewable | ADR1: PT_2024_Other | ADS1: PT_2024_pumped_consumption | ADT1: PT_2024_flow_net | ADU1: PT_2024_price | ADV1: PT_2025_Nuclear | ADW1: PT_2025_Lignite | ADX1: PT_2025_Hard coal | ADY1: PT_2025_Gas | ADZ1: PT_2025_Oil & other fossil | AEA1: PT_2025_Biomass | AEB1: PT_2025_Waste | AEC1: PT_2025_Geothermal | AED1: PT_2025_Hydro run-of-river | AEE1: PT_2025_Hydro reservoir | AEF1: PT_2025_Hydro pumped (production) | AEG1: PT_2025_Onshore wind | AEH1: PT_2025_Offshore wind | AEI1: PT_2025_Solar | AEJ1: PT_2025_Marine | AEK1: PT_2025_Other renewable | AEL1: PT_2025_Other | AEM1: PT_2025_pumped_consumption | AEN1: PT_2025_flow_net | AEO1: PT_2025_price | AEP1: PT_2026_Nuclear | AEQ1: PT_2026_Lignite | AER1: PT_2026_Hard coal | AES1: PT_2026_Gas | AET1: PT_2026_Oil & other fossil | AEU1: PT_2026_Biomass | AEV1: PT_2026_Waste | AEW1: PT_2026_Geothermal | AEX1: PT_2026_Hydro run-of-river | AEY1: PT_2026_Hydro reservoir | AEZ1: PT_2026_Hydro pumped (production) | AFA1: PT_2026_Onshore wind | AFB1: PT_2026_Offshore wind | AFC1: PT_2026_Solar | AFD1: PT_2026_Marine | AFE1: PT_2026_Other renewable | AFF1: PT_2026_Other | AFG1: PT_2026_pumped_consumption | AFH1: PT_2026_flow_net | AFI1: PT_2026_price | AFJ1: PT_2027_Nuclear | AFK1: PT_2027_Lignite | AFL1: PT_2027_Hard coal | AFM1: PT_2027_Gas | AFN1: PT_2027_Oil & other fossil | AFO1: PT_2027_Biomass | AFP1: PT_2027_Waste | AFQ1: PT_2027_Geothermal | AFR1: PT_2027_Hydro run-of-river | AFS1: PT_2027_Hydro reservoir | AFT1: PT_2027_Hydro pumped (production) | AFU1: PT_2027_Onshore wind | AFV1: PT_2027_Offshore wind | AFW1: PT_2027_Solar | AFX1: PT_2027_Marine | AFY1: PT_2027_Other renewable | AFZ1: PT_2027_Other | AGA1: PT_2027_pumped_consumption | AGB1: PT_2027_flow_net | AGC1: PT_2027_price | AGD1: PT_2028_Nuclear | AGE1: PT_2028_Lignite | AGF1: PT_2028_Hard coal | AGG1: PT_2028_Gas | AGH1: PT_2028_Oil & other fossil | AGI1: PT_2028_Biomass | AGJ1: PT_2028_Waste | AGK1: PT_2028_Geothermal | AGL1: PT_2028_Hydro run-of-river | AGM1: PT_2028_Hydro reservoir | AGN1: PT_2028_Hydro pumped (production) | AGO1: PT_2028_Onshore wind | AGP1: PT_2028_Offshore wind | AGQ1: PT_2028_Solar | AGR1: PT_2028_Marine | AGS1: PT_2028_Other renewable | AGT1: PT_2028_Other | AGU1: PT_2028_pumped_consumption | AGV1: PT_2028_flow_net | AGW1: PT_2028_price | AGX1: PT_2029_Nuclear | AGY1: PT_2029_Lignite | AGZ1: PT_2029_Hard coal | AHA1: PT_2029_Gas | AHB1: PT_2029_Oil & other fossil | AHC1: PT_2029_Biomass | AHD1: PT_2029_Waste | AHE1: PT_2029_Geothermal | AHF1: PT_2029_Hydro run-of-river | AHG1: PT_2029_Hydro reservoir | AHH1: PT_2029_Hydro pumped (production) | AHI1: PT_2029_Onshore wind | AHJ1: PT_2029_Offshore wind | AHK1: PT_2029_Solar | AHL1: PT_2029_Marine | AHM1: PT_2029_Other renewable | AHN1: PT_2029_Other | AHO1: PT_2029_pumped_consumption | AHP1: PT_2029_flow_net | AHQ1: PT_2029_price | AHR1: PT_2030_Nuclear | AHS1: PT_2030_Lignite | AHT1: PT_2030_Hard coal | AHU1: PT_2030_Gas | AHV1: PT_2030_Oil & other fossil | AHW1: PT_2030_Biomass | AHX1: PT_2030_Waste | AHY1: PT_2030_Geothermal | AHZ1: PT_2030_Hydro run-of-river | AIA1: PT_2030_Hydro reservoir | AIB1: PT_2030_Hydro pumped (production) | AIC1: PT_2030_Onshore wind | AID1: PT_2030_Offshore wind | AIE1: PT_2030_Solar | AIF1: PT_2030_Marine | AIG1: PT_2030_Other renewable | AIH1: PT_2030_Other | AII1: PT_2030_pumped_consumption | AIJ1: PT_2030_flow_net | AIK1: PT_2030_price | AIL1: PT_2031_Nuclear | AIM1: PT_2031_Lignite | AIN1: PT_2031_Hard coal | AIO1: PT_2031_Gas | AIP1: PT_2031_Oil & other fossil | AIQ1: PT_2031_Biomass | AIR1: PT_2031_Waste | AIS1: PT_2031_Geothermal | AIT1: PT_2031_Hydro run-of-river | AIU1: PT_2031_Hydro reservoir | AIV1: PT_2031_Hydro pumped (production) | AIW1: PT_2031_Onshore wind | AIX1: PT_2031_Offshore wind | AIY1: PT_2031_Solar | AIZ1: PT_2031_Marine | AJA1: PT_2031_Other renewable | AJB1: PT_2031_Other | AJC1: PT_2031_pumped_consumption | AJD1: PT_2031_flow_net | AJE1: PT_2031_price | AJF1: PT_2032_Nuclear | AJG1: PT_2032_Lignite | AJH1: PT_2032_Hard coal | AJI1: PT_2032_Gas | AJJ1: PT_2032_Oil & other fossil | AJK1: PT_2032_Biomass | AJL1: PT_2032_Waste | AJM1: PT_2032_Geothermal | AJN1: PT_2032_Hydro run-of-river | AJO1: PT_2032_Hydro reservoir | AJP1: PT_2032_Hydro pumped (production) | AJQ1: PT_2032_Onshore wind | AJR1: PT_2032_Offshore wind | AJS1: PT_2032_Solar | AJT1: PT_2032_Marine | AJU1: PT_2032_Other renewable | AJV1: PT_2032_Other | AJW1: PT_2032_pumped_consumption | AJX1: PT_2032_flow_net | AJY1: PT_2032_price | AJZ1: PT_2033_Nuclear | AKA1: PT_2033_Lignite | AKB1: PT_2033_Hard coal | AKC1: PT_2033_Gas | AKD1: PT_2033_Oil & other fossil | AKE1: PT_2033_Biomass | AKF1: PT_2033_Waste | AKG1: PT_2033_Geothermal | AKH1: PT_2033_Hydro run-of-river | AKI1: PT_2033_Hydro reservoir | AKJ1: PT_2033_Hydro pumped (production) | AKK1: PT_2033_Onshore wind | AKL1: PT_2033_Offshore wind | AKM1: PT_2033_Solar | AKN1: PT_2033_Marine | AKO1: PT_2033_Other renewable | AKP1: PT_2033_Other | AKQ1: PT_2033_pumped_consumption | AKR1: PT_2033_flow_net | AKS1: PT_2033_price | AKT1: PT_2034_Nuclear | AKU1: PT_2034_Lignite | AKV1: PT_2034_Hard coal | AKW1: PT_2034_Gas | AKX1: PT_2034_Oil & other fossil | AKY1: PT_2034_Biomass | AKZ1: PT_2034_Waste | ALA1: PT_2034_Geothermal | ALB1: PT_2034_Hydro run-of-river | ALC1: PT_2034_Hydro reservoir | ALD1: PT_2034_Hydro pumped (production) | ALE1: PT_2034_Onshore wind | ALF1: PT_2034_Offshore wind | ALG1: PT_2034_Solar | ALH1: PT_2034_Marine | ALI1: PT_2034_Other renewable | ALJ1: PT_2034_Other | ALK1: PT_2034_pumped_consumption | ALL1: PT_2034_flow_net | ALM1: PT_2034_price | ALN1: PT_2035_Nuclear | ALO1: PT_2035_Lignite | ALP1: PT_2035_Hard coal | ALQ1: PT_2035_Gas | ALR1: PT_2035_Oil & other fossil | ALS1: PT_2035_Biomass | ALT1: PT_2035_Waste | ALU1: PT_2035_Geothermal | ALV1: PT_2035_Hydro run-of-river | ALW1: PT_2035_Hydro reservoir | ALX1: PT_2035_Hydro pumped (production) | ALY1: PT_2035_Onshore wind | ALZ1: PT_2035_Offshore wind | AMA1: PT_2035_Solar | AMB1: PT_2035_Marine | AMC1: PT_2035_Other renewable | AMD1: PT_2035_Other | AME1: PT_2035_pumped_consumption | AMF1: PT_2035_flow_net | AMG1: PT_2035_price | AMH1: FR_2019_Nuclear | AMI1: FR_2019_Lignite | AMJ1: FR_2019_Hard coal | AMK1: FR_2019_Gas | AML1: FR_2019_Oil & other fossil | AMM1: FR_2019_Biomass | AMN1: FR_2019_Waste | AMO1: FR_2019_Geothermal | AMP1: FR_2019_Hydro run-of-river | AMQ1: FR_2019_Hydro reservoir | AMR1: FR_2019_Hydro pumped (production) | AMS1: FR_2019_Onshore wind | AMT1: FR_2019_Offshore wind | AMU1: FR_2019_Solar | AMV1: FR_2019_Marine | AMW1: FR_2019_Other renewable | AMX1: FR_2019_Other | AMY1: FR_2019_pumped_consumption | AMZ1: FR_2019_flow_net | ANA1: FR_2019_price | ANB1: FR_2020_Nuclear | ANC1: FR_2020_Lignite | AND1: FR_2020_Hard coal | ANE1: FR_2020_Gas | ANF1: FR_2020_Oil & other fossil | ANG1: FR_2020_Biomass | ANH1: FR_2020_Waste | ANI1: FR_2020_Geothermal | ANJ1: FR_2020_Hydro run-of-river | ANK1: FR_2020_Hydro reservoir | ANL1: FR_2020_Hydro pumped (production) | ANM1: FR_2020_Onshore wind | ANN1: FR_2020_Offshore wind | ANO1: FR_2020_Solar | ANP1: FR_2020_Marine | ANQ1: FR_2020_Other renewable | ANR1: FR_2020_Other | ANS1: FR_2020_pumped_consumption | ANT1: FR_2020_flow_net | ANU1: FR_2020_price | ANV1: FR_2021_Nuclear | ANW1: FR_2021_Lignite | ANX1: FR_2021_Hard coal | ANY1: FR_2021_Gas | ANZ1: FR_2021_Oil & other fossil | AOA1: FR_2021_Biomass | AOB1: FR_2021_Waste | AOC1: FR_2021_Geothermal | AOD1: FR_2021_Hydro run-of-river | AOE1: FR_2021_Hydro reservoir | AOF1: FR_2021_Hydro pumped (production) | AOG1: FR_2021_Onshore wind | AOH1: FR_2021_Offshore wind | AOI1: FR_2021_Solar | AOJ1: FR_2021_Marine | AOK1: FR_2021_Other renewable | AOL1: FR_2021_Other | AOM1: FR_2021_pumped_consumption | AON1: FR_2021_flow_net | AOO1: FR_2021_price | AOP1: FR_2022_Nuclear | AOQ1: FR_2022_Lignite | AOR1: FR_2022_Hard coal | AOS1: FR_2022_Gas | AOT1: FR_2022_Oil & other fossil | AOU1: FR_2022_Biomass | AOV1: FR_2022_Waste | AOW1: FR_2022_Geothermal | AOX1: FR_2022_Hydro run-of-river | AOY1: FR_2022_Hydro reservoir | AOZ1: FR_2022_Hydro pumped (production) | APA1: FR_2022_Onshore wind | APB1: FR_2022_Offshore wind | APC1: FR_2022_Solar | APD1: FR_2022_Marine | APE1: FR_2022_Other renewable | APF1: FR_2022_Other | APG1: FR_2022_pumped_consumption | APH1: FR_2022_flow_net | API1: FR_2022_price | APJ1: FR_2023_Nuclear | APK1: FR_2023_Lignite | APL1: FR_2023_Hard coal | APM1: FR_2023_Gas | APN1: FR_2023_Oil & other fossil | APO1: FR_2023_Biomass | APP1: FR_2023_Waste | APQ1: FR_2023_Geothermal | APR1: FR_2023_Hydro run-of-river | APS1: FR_2023_Hydro reservoir | APT1: FR_2023_Hydro pumped (production) | APU1: FR_2023_Onshore wind | APV1: FR_2023_Offshore wind | APW1: FR_2023_Solar | APX1: FR_2023_Marine | APY1: FR_2023_Other renewable | APZ1: FR_2023_Other | AQA1: FR_2023_pumped_consumption | AQB1: FR_2023_flow_net | AQC1: FR_2023_price | AQD1: FR_2024_Nuclear | AQE1: FR_2024_Lignite | AQF1: FR_2024_Hard coal | AQG1: FR_2024_Gas | AQH1: FR_2024_Oil & other fossil | AQI1: FR_2024_Biomass | AQJ1: FR_2024_Waste | AQK1: FR_2024_Geothermal | AQL1: FR_2024_Hydro run-of-river | AQM1: FR_2024_Hydro reservoir | AQN1: FR_2024_Hydro pumped (production) | AQO1: FR_2024_Onshore wind | AQP1: FR_2024_Offshore wind | AQQ1: FR_2024_Solar | AQR1: FR_2024_Marine | AQS1: FR_2024_Other renewable | AQT1: FR_2024_Other | AQU1: FR_2024_pumped_consumption | AQV1: FR_2024_flow_net | AQW1: FR_2024_price | AQX1: FR_2025_Nuclear | AQY1: FR_2025_Lignite | AQZ1: FR_2025_Hard coal | ARA1: FR_2025_Gas | ARB1: FR_2025_Oil & other fossil | ARC1: FR_2025_Biomass | ARD1: FR_2025_Waste | ARE1: FR_2025_Geothermal | ARF1: FR_2025_Hydro run-of-river | ARG1: FR_2025_Hydro reservoir | ARH1: FR_2025_Hydro pumped (production) | ARI1: FR_2025_Onshore wind | ARJ1: FR_2025_Offshore wind | ARK1: FR_2025_Solar | ARL1: FR_2025_Marine | ARM1: FR_2025_Other renewable | ARN1: FR_2025_Other | ARO1: FR_2025_pumped_consumption | ARP1: FR_2025_flow_net | ARQ1: FR_2025_price | ARR1: FR_2026_Nuclear | ARS1: FR_2026_Lignite | ART1: FR_2026_Hard coal | ARU1: FR_2026_Gas | ARV1: FR_2026_Oil & other fossil | ARW1: FR_2026_Biomass | ARX1: FR_2026_Waste | ARY1: FR_2026_Geothermal | ARZ1: FR_2026_Hydro run-of-river | ASA1: FR_2026_Hydro reservoir | ASB1: FR_2026_Hydro pumped (production) | ASC1: FR_2026_Onshore wind | ASD1: FR_2026_Offshore wind | ASE1: FR_2026_Solar | ASF1: FR_2026_Marine | ASG1: FR_2026_Other renewable | ASH1: FR_2026_Other | ASI1: FR_2026_pumped_consumption | ASJ1: FR_2026_flow_net | ASK1: FR_2026_price | ASL1: FR_2027_Nuclear | ASM1: FR_2027_Lignite | ASN1: FR_2027_Hard coal | ASO1: FR_2027_Gas | ASP1: FR_2027_Oil & other fossil | ASQ1: FR_2027_Biomass | ASR1: FR_2027_Waste | ASS1: FR_2027_Geothermal | AST1: FR_2027_Hydro run-of-river | ASU1: FR_2027_Hydro reservoir | ASV1: FR_2027_Hydro pumped (production) | ASW1: FR_2027_Onshore wind | ASX1: FR_2027_Offshore wind | ASY1: FR_2027_Solar | ASZ1: FR_2027_Marine | ATA1: FR_2027_Other renewable | ATB1: FR_2027_Other | ATC1: FR_2027_pumped_consumption | ATD1: FR_2027_flow_net | ATE1: FR_2027_price | ATF1: FR_2028_Nuclear | ATG1: FR_2028_Lignite | ATH1: FR_2028_Hard coal | ATI1: FR_2028_Gas | ATJ1: FR_2028_Oil & other fossil | ATK1: FR_2028_Biomass | ATL1: FR_2028_Waste | ATM1: FR_2028_Geothermal | ATN1: FR_2028_Hydro run-of-river | ATO1: FR_2028_Hydro reservoir | ATP1: FR_2028_Hydro pumped (production) | ATQ1: FR_2028_Onshore wind | ATR1: FR_2028_Offshore wind | ATS1: FR_2028_Solar | ATT1: FR_2028_Marine | ATU1: FR_2028_Other renewable | ATV1: FR_2028_Other | ATW1: FR_2028_pumped_consumption | ATX1: FR_2028_flow_net | ATY1: FR_2028_price | ATZ1: FR_2029_Nuclear | AUA1: FR_2029_Lignite | AUB1: FR_2029_Hard coal | AUC1: FR_2029_Gas | AUD1: FR_2029_Oil & other fossil | AUE1: FR_2029_Biomass | AUF1: FR_2029_Waste | AUG1: FR_2029_Geothermal | AUH1: FR_2029_Hydro run-of-river | AUI1: FR_2029_Hydro reservoir | AUJ1: FR_2029_Hydro pumped (production) | AUK1: FR_2029_Onshore wind | AUL1: FR_2029_Offshore wind | AUM1: FR_2029_Solar | AUN1: FR_2029_Marine | AUO1: FR_2029_Other renewable | AUP1: FR_2029_Other | AUQ1: FR_2029_pumped_consumption | AUR1: FR_2029_flow_net | AUS1: FR_2029_price | AUT1: FR_2030_Nuclear | AUU1: FR_2030_Lignite | AUV1: FR_2030_Hard coal | AUW1: FR_2030_Gas | AUX1: FR_2030_Oil & other fossil | AUY1: FR_2030_Biomass | AUZ1: FR_2030_Waste | AVA1: FR_2030_Geothermal | AVB1: FR_2030_Hydro run-of-river | AVC1: FR_2030_Hydro reservoir | AVD1: FR_2030_Hydro pumped (production) | AVE1: FR_2030_Onshore wind | AVF1: FR_2030_Offshore wind | AVG1: FR_2030_Solar | AVH1: FR_2030_Marine | AVI1: FR_2030_Other renewable | AVJ1: FR_2030_Other | AVK1: FR_2030_pumped_consumption | AVL1: FR_2030_flow_net | AVM1: FR_2030_price | AVN1: FR_2031_Nuclear | AVO1: FR_2031_Lignite | AVP1: FR_2031_Hard coal | AVQ1: FR_2031_Gas | AVR1: FR_2031_Oil & other fossil | AVS1: FR_2031_Biomass | AVT1: FR_2031_Waste | AVU1: FR_2031_Geothermal | AVV1: FR_2031_Hydro run-of-river | AVW1: FR_2031_Hydro reservoir | AVX1: FR_2031_Hydro pumped (production) | AVY1: FR_2031_Onshore wind | AVZ1: FR_2031_Offshore wind | AWA1: FR_2031_Solar | AWB1: FR_2031_Marine | AWC1: FR_2031_Other renewable | AWD1: FR_2031_Other | AWE1: FR_2031_pumped_consumption | AWF1: FR_2031_flow_net | AWG1: FR_2031_price | AWH1: FR_2032_Nuclear | AWI1: FR_2032_Lignite | AWJ1: FR_2032_Hard coal | AWK1: FR_2032_Gas | AWL1: FR_2032_Oil & other fossil | AWM1: FR_2032_Biomass | AWN1: FR_2032_Waste | AWO1: FR_2032_Geothermal | AWP1: FR_2032_Hydro run-of-river | AWQ1: FR_2032_Hydro reservoir | AWR1: FR_2032_Hydro pumped (production) | AWS1: FR_2032_Onshore wind | AWT1: FR_2032_Offshore wind | AWU1: FR_2032_Solar | AWV1: FR_2032_Marine | AWW1: FR_2032_Other renewable | AWX1: FR_2032_Other | AWY1: FR_2032_pumped_consumption | AWZ1: FR_2032_flow_net | AXA1: FR_2032_price | AXB1: FR_2033_Nuclear | AXC1: FR_2033_Lignite | AXD1: FR_2033_Hard coal | AXE1: FR_2033_Gas | AXF1: FR_2033_Oil & other fossil | AXG1: FR_2033_Biomass | AXH1: FR_2033_Waste | AXI1: FR_2033_Geothermal | AXJ1: FR_2033_Hydro run-of-river | AXK1: FR_2033_Hydro reservoir | AXL1: FR_2033_Hydro pumped (production) | AXM1: FR_2033_Onshore wind | AXN1: FR_2033_Offshore wind | AXO1: FR_2033_Solar | AXP1: FR_2033_Marine | AXQ1: FR_2033_Other renewable | AXR1: FR_2033_Other | AXS1: FR_2033_pumped_consumption | AXT1: FR_2033_flow_net | AXU1: FR_2033_price | AXV1: FR_2034_Nuclear | AXW1: FR_2034_Lignite | AXX1: FR_2034_Hard coal | AXY1: FR_2034_Gas | AXZ1: FR_2034_Oil & other fossil | AYA1: FR_2034_Biomass | AYB1: FR_2034_Waste | AYC1: FR_2034_Geothermal | AYD1: FR_2034_Hydro run-of-river | AYE1: FR_2034_Hydro reservoir | AYF1: FR_2034_Hydro pumped (production) | AYG1: FR_2034_Onshore wind | AYH1: FR_2034_Offshore wind | AYI1: FR_2034_Solar | AYJ1: FR_2034_Marine | AYK1: FR_2034_Other renewable | AYL1: FR_2034_Other | AYM1: FR_2034_pumped_consumption | AYN1: FR_2034_flow_net | AYO1: FR_2034_price | AYP1: FR_2035_Nuclear | AYQ1: FR_2035_Lignite | AYR1: FR_2035_Hard coal | AYS1: FR_2035_Gas | AYT1: FR_2035_Oil & other fossil | AYU1: FR_2035_Biomass | AYV1: FR_2035_Waste | AYW1: FR_2035_Geothermal | AYX1: FR_2035_Hydro run-of-river | AYY1: FR_2035_Hydro reservoir | AYZ1: FR_2035_Hydro pumped (production) | AZA1: FR_2035_Onshore wind | AZB1: FR_2035_Offshore wind | AZC1: FR_2035_Solar | AZD1: FR_2035_Marine | AZE1: FR_2035_Other renewable | AZF1: FR_2035_Other | AZG1: FR_2035_pumped_consumption | AZH1: FR_2035_flow_net | AZI1: FR_2035_price | AZJ1: IT_2019_Nuclear | AZK1: IT_2019_Lignite | AZL1: IT_2019_Hard coal | AZM1: IT_2019_Gas | AZN1: IT_2019_Oil & other fossil | AZO1: IT_2019_Biomass | AZP1: IT_2019_Waste | AZQ1: IT_2019_Geothermal | AZR1: IT_2019_Hydro run-of-river | AZS1: IT_2019_Hydro reservoir | AZT1: IT_2019_Hydro pumped (production) | AZU1: IT_2019_Onshore wind | AZV1: IT_2019_Offshore wind | AZW1: IT_2019_Solar | AZX1: IT_2019_Marine | AZY1: IT_2019_Other renewable | AZZ1: IT_2019_Other | BAA1: IT_2019_pumped_consumption | BAB1: IT_2019_flow_net | BAC1: IT_2019_price | BAD1: IT_2020_Nuclear | BAE1: IT_2020_Lignite | BAF1: IT_2020_Hard coal | BAG1: IT_2020_Gas | BAH1: IT_2020_Oil & other fossil | BAI1: IT_2020_Biomass | BAJ1: IT_2020_Waste | BAK1: IT_2020_Geothermal | BAL1: IT_2020_Hydro run-of-river | BAM1: IT_2020_Hydro reservoir | BAN1: IT_2020_Hydro pumped (production) | BAO1: IT_2020_Onshore wind | BAP1: IT_2020_Offshore wind | BAQ1: IT_2020_Solar | BAR1: IT_2020_Marine | BAS1: IT_2020_Other renewable | BAT1: IT_2020_Other | BAU1: IT_2020_pumped_consumption | BAV1: IT_2020_flow_net | BAW1: IT_2020_price | BAX1: IT_2021_Nuclear | BAY1: IT_2021_Lignite | BAZ1: IT_2021_Hard coal | BBA1: IT_2021_Gas | BBB1: IT_2021_Oil & other fossil | BBC1: IT_2021_Biomass | BBD1: IT_2021_Waste | BBE1: IT_2021_Geothermal | BBF1: IT_2021_Hydro run-of-river | BBG1: IT_2021_Hydro reservoir | BBH1: IT_2021_Hydro pumped (production) | BBI1: IT_2021_Onshore wind | BBJ1: IT_2021_Offshore wind | BBK1: IT_2021_Solar | BBL1: IT_2021_Marine | BBM1: IT_2021_Other renewable | BBN1: IT_2021_Other | BBO1: IT_2021_pumped_consumption | BBP1: IT_2021_flow_net | BBQ1: IT_2021_price | BBR1: IT_2022_Nuclear | BBS1: IT_2022_Lignite | BBT1: IT_2022_Hard coal | BBU1: IT_2022_Gas | BBV1: IT_2022_Oil & other fossil | BBW1: IT_2022_Biomass | BBX1: IT_2022_Waste | BBY1: IT_2022_Geothermal | BBZ1: IT_2022_Hydro run-of-river | BCA1: IT_2022_Hydro reservoir | BCB1: IT_2022_Hydro pumped (production) | BCC1: IT_2022_Onshore wind | BCD1: IT_2022_Offshore wind | BCE1: IT_2022_Solar | BCF1: IT_2022_Marine | BCG1: IT_2022_Other renewable | BCH1: IT_2022_Other | BCI1: IT_2022_pumped_consumption | BCJ1: IT_2022_flow_net | BCK1: IT_2022_price | BCL1: IT_2023_Nuclear | BCM1: IT_2023_Lignite | BCN1: IT_2023_Hard coal | BCO1: IT_2023_Gas | BCP1: IT_2023_Oil & other fossil | BCQ1: IT_2023_Biomass | BCR1: IT_2023_Waste | BCS1: IT_2023_Geothermal | BCT1: IT_2023_Hydro run-of-river | BCU1: IT_2023_Hydro reservoir | BCV1: IT_2023_Hydro pumped (production) | BCW1: IT_2023_Onshore wind | BCX1: IT_2023_Offshore wind | BCY1: IT_2023_Solar | BCZ1: IT_2023_Marine | BDA1: IT_2023_Other renewable | BDB1: IT_2023_Other | BDC1: IT_2023_pumped_consumption | BDD1: IT_2023_flow_net | BDE1: IT_2023_price | BDF1: IT_2024_Nuclear | BDG1: IT_2024_Lignite | BDH1: IT_2024_Hard coal | BDI1: IT_2024_Gas | BDJ1: IT_2024_Oil & other fossil | BDK1: IT_2024_Biomass | BDL1: IT_2024_Waste | BDM1: IT_2024_Geothermal | BDN1: IT_2024_Hydro run-of-river | BDO1: IT_2024_Hydro reservoir | BDP1: IT_2024_Hydro pumped (production) | BDQ1: IT_2024_Onshore wind | BDR1: IT_2024_Offshore wind | BDS1: IT_2024_Solar | BDT1: IT_2024_Marine | BDU1: IT_2024_Other renewable | BDV1: IT_2024_Other | BDW1: IT_2024_pumped_consumption | BDX1: IT_2024_flow_net | BDY1: IT_2024_price | BDZ1: IT_2025_Nuclear | BEA1: IT_2025_Lignite | BEB1: IT_2025_Hard coal | BEC1: IT_2025_Gas | BED1: IT_2025_Oil & other fossil | BEE1: IT_2025_Biomass | BEF1: IT_2025_Waste | BEG1: IT_2025_Geothermal | BEH1: IT_2025_Hydro run-of-river | BEI1: IT_2025_Hydro reservoir | BEJ1: IT_2025_Hydro pumped (production) | BEK1: IT_2025_Onshore wind | BEL1: IT_2025_Offshore wind | BEM1: IT_2025_Solar | BEN1: IT_2025_Marine | BEO1: IT_2025_Other renewable | BEP1: IT_2025_Other | BEQ1: IT_2025_pumped_consumption | BER1: IT_2025_flow_net | BES1: IT_2025_price | BET1: IT_2026_Nuclear | BEU1: IT_2026_Lignite | BEV1: IT_2026_Hard coal | BEW1: IT_2026_Gas | BEX1: IT_2026_Oil & other fossil | BEY1: IT_2026_Biomass | BEZ1: IT_2026_Waste | BFA1: IT_2026_Geothermal | BFB1: IT_2026_Hydro run-of-river | BFC1: IT_2026_Hydro reservoir | BFD1: IT_2026_Hydro pumped (production) | BFE1: IT_2026_Onshore wind | BFF1: IT_2026_Offshore wind | BFG1: IT_2026_Solar | BFH1: IT_2026_Marine | BFI1: IT_2026_Other renewable | BFJ1: IT_2026_Other | BFK1: IT_2026_pumped_consumption | BFL1: IT_2026_flow_net | BFM1: IT_2026_price | BFN1: IT_2027_Nuclear | BFO1: IT_2027_Lignite | BFP1: IT_2027_Hard coal | BFQ1: IT_2027_Gas | BFR1: IT_2027_Oil & other fossil | BFS1: IT_2027_Biomass | BFT1: IT_2027_Waste | BFU1: IT_2027_Geothermal | BFV1: IT_2027_Hydro run-of-river | BFW1: IT_2027_Hydro reservoir | BFX1: IT_2027_Hydro pumped (production) | BFY1: IT_2027_Onshore wind | BFZ1: IT_2027_Offshore wind | BGA1: IT_2027_Solar | BGB1: IT_2027_Marine | BGC1: IT_2027_Other renewable | BGD1: IT_2027_Other | BGE1: IT_2027_pumped_consumption | BGF1: IT_2027_flow_net | BGG1: IT_2027_price | BGH1: IT_2028_Nuclear | BGI1: IT_2028_Lignite | BGJ1: IT_2028_Hard coal | BGK1: IT_2028_Gas | BGL1: IT_2028_Oil & other fossil | BGM1: IT_2028_Biomass | BGN1: IT_2028_Waste | BGO1: IT_2028_Geothermal | BGP1: IT_2028_Hydro run-of-river | BGQ1: IT_2028_Hydro reservoir | BGR1: IT_2028_Hydro pumped (production) | BGS1: IT_2028_Onshore wind | BGT1: IT_2028_Offshore wind | BGU1: IT_2028_Solar | BGV1: IT_2028_Marine | BGW1: IT_2028_Other renewable | BGX1: IT_2028_Other | BGY1: IT_2028_pumped_consumption | BGZ1: IT_2028_flow_net | BHA1: IT_2028_price | BHB1: IT_2029_Nuclear | BHC1: IT_2029_Lignite | BHD1: IT_2029_Hard coal | BHE1: IT_2029_Gas | BHF1: IT_2029_Oil & other fossil | BHG1: IT_2029_Biomass | BHH1: IT_2029_Waste | BHI1: IT_2029_Geothermal | BHJ1: IT_2029_Hydro run-of-river | BHK1: IT_2029_Hydro reservoir | BHL1: IT_2029_Hydro pumped (production) | BHM1: IT_2029_Onshore wind | BHN1: IT_2029_Offshore wind | BHO1: IT_2029_Solar | BHP1: IT_2029_Marine | BHQ1: IT_2029_Other renewable | BHR1: IT_2029_Other | BHS1: IT_2029_pumped_consumption | BHT1: IT_2029_flow_net | BHU1: IT_2029_price | BHV1: IT_2030_Nuclear | BHW1: IT_2030_Lignite | BHX1: IT_2030_Hard coal | BHY1: IT_2030_Gas | BHZ1: IT_2030_Oil & other fossil | BIA1: IT_2030_Biomass | BIB1: IT_2030_Waste | BIC1: IT_2030_Geothermal | BID1: IT_2030_Hydro run-of-river | BIE1: IT_2030_Hydro reservoir | BIF1: IT_2030_Hydro pumped (production) | BIG1: IT_2030_Onshore wind | BIH1: IT_2030_Offshore wind | BII1: IT_2030_Solar | BIJ1: IT_2030_Marine | BIK1: IT_2030_Other renewable | BIL1: IT_2030_Other | BIM1: IT_2030_pumped_consumption | BIN1: IT_2030_flow_net | BIO1: IT_2030_price | BIP1: IT_2031_Nuclear | BIQ1: IT_2031_Lignite | BIR1: IT_2031_Hard coal | BIS1: IT_2031_Gas | BIT1: IT_2031_Oil & other fossil | BIU1: IT_2031_Biomass | BIV1: IT_2031_Waste | BIW1: IT_2031_Geothermal | BIX1: IT_2031_Hydro run-of-river | BIY1: IT_2031_Hydro reservoir | BIZ1: IT_2031_Hydro pumped (production) | BJA1: IT_2031_Onshore wind | BJB1: IT_2031_Offshore wind | BJC1: IT_2031_Solar | BJD1: IT_2031_Marine | BJE1: IT_2031_Other renewable | BJF1: IT_2031_Other | BJG1: IT_2031_pumped_consumption | BJH1: IT_2031_flow_net | BJI1: IT_2031_price | BJJ1: IT_2032_Nuclear | BJK1: IT_2032_Lignite | BJL1: IT_2032_Hard coal | BJM1: IT_2032_Gas | BJN1: IT_2032_Oil & other fossil | BJO1: IT_2032_Biomass | BJP1: IT_2032_Waste | BJQ1: IT_2032_Geothermal | BJR1: IT_2032_Hydro run-of-river | BJS1: IT_2032_Hydro reservoir | BJT1: IT_2032_Hydro pumped (production) | BJU1: IT_2032_Onshore wind | BJV1: IT_2032_Offshore wind | BJW1: IT_2032_Solar | BJX1: IT_2032_Marine | BJY1: IT_2032_Other renewable | BJZ1: IT_2032_Other | BKA1: IT_2032_pumped_consumption | BKB1: IT_2032_flow_net | BKC1: IT_2032_price | BKD1: IT_2033_Nuclear | BKE1: IT_2033_Lignite | BKF1: IT_2033_Hard coal | BKG1: IT_2033_Gas | BKH1: IT_2033_Oil & other fossil | BKI1: IT_2033_Biomass | BKJ1: IT_2033_Waste | BKK1: IT_2033_Geothermal | BKL1: IT_2033_Hydro run-of-river | BKM1: IT_2033_Hydro reservoir | BKN1: IT_2033_Hydro pumped (production) | BKO1: IT_2033_Onshore wind | BKP1: IT_2033_Offshore wind | BKQ1: IT_2033_Solar | BKR1: IT_2033_Marine | BKS1: IT_2033_Other renewable | BKT1: IT_2033_Other | BKU1: IT_2033_pumped_consumption | BKV1: IT_2033_flow_net | BKW1: IT_2033_price | BKX1: IT_2034_Nuclear | BKY1: IT_2034_Lignite | BKZ1: IT_2034_Hard coal | BLA1: IT_2034_Gas | BLB1: IT_2034_Oil & other fossil | BLC1: IT_2034_Biomass | BLD1: IT_2034_Waste | BLE1: IT_2034_Geothermal | BLF1: IT_2034_Hydro run-of-river | BLG1: IT_2034_Hydro reservoir | BLH1: IT_2034_Hydro pumped (production) | BLI1: IT_2034_Onshore wind | BLJ1: IT_2034_Offshore wind | BLK1: IT_2034_Solar | BLL1: IT_2034_Marine | BLM1: IT_2034_Other renewable | BLN1: IT_2034_Other | BLO1: IT_2034_pumped_consumption | BLP1: IT_2034_flow_net | BLQ1: IT_2034_price | BLR1: IT_2035_Nuclear | BLS1: IT_2035_Lignite | BLT1: IT_2035_Hard coal | BLU1: IT_2035_Gas | BLV1: IT_2035_Oil & other fossil | BLW1: IT_2035_Biomass | BLX1: IT_2035_Waste | BLY1: IT_2035_Geothermal | BLZ1: IT_2035_Hydro run-of-river | BMA1: IT_2035_Hydro reservoir | BMB1: IT_2035_Hydro pumped (production) | BMC1: IT_2035_Onshore wind | BMD1: IT_2035_Offshore wind | BME1: IT_2035_Solar | BMF1: IT_2035_Marine | BMG1: IT_2035_Other renewable | BMH1: IT_2035_Other | BMI1: IT_2035_pumped_consumption | BMJ1: IT_2035_flow_net | BMK1: IT_2035_price
A2: 0 | B2: 8090 | C2: 10601.4 | D2: 3862.8 | E2: 5449 | F2: 448.4 | G2: 4420.5 | H2: 694.2 | I2: 23 | J2: 1672 | K2: 141 | L2: 147.5 | M2: 11897.9 | N2: 2832.9 | O2: 0.2 | P2: 0 | Q2: 153.1 | R2: 367.9 | S2: -3282.7 | T2: -904.3 | U2: 29.1 | V2: 6930.7 | W2: 8312.3 | X2: 2865.4 | Y2: 6570.1 | Z2: 417.2 | AA2: 4447.6 | AB2: 687.7 | AC2: 24.2 | AD2: 1649.8 | AE2: 111.5 | AF2: 1523.1 | AG2: 12210.7 | AH2: 3121 | AI2: 0.4 | AJ2: 0 | AK2: 155.7 | AL2: 338.3 | AM2: -1806.4 | AN2: -481.6 | AO2: 23.1 | AP2: 7470 | AQ2: 10596.7 | AR2: 4706.4 | AS2: 5589.9 | AT2: 356.7 | AU2: 4220.4 | AV2: 810.2 | AW2: 25.5 | AX2: 1531.3 | AY2: 110.5 | AZ2: 156.7 | BA2: 10618.9 | BB2: 2733.5 | BC2: 0.5 | BD2: 0 | BE2: 136.9 | BF2: 320 | BG2: -2759.3 | BH2: -1668.9 | BI2: 74.6 | BJ2: 3763.7 | BK2: 11605.7 | BL2: 6577.7 | BM2: 4290.6 | BN2: 294.9 | BO2: 4119.6 | BP2: 742.6 | BQ2: 25 | BR2: 1288 | BS2: 98.2 | BT2: 164 | BU2: 12051.2 | BV2: 2961.9 | BW2: 3.3 | BX2: 0 | BY2: 121.5 | BZ2: 252.9 | CA2: -2889.3 | CB2: -2843.9 | CC2: 197.1 | CD2: 769.7 | CE2: 8345.9 | CF2: 3611.5 | CG2: 5362.6 | CH2: 344.1 | CI2: 4067.8 | CJ2: 771.8 | CK2: 23.2 | CL2: 1536.4 | CM2: 106.3 | CN2: 158.1 | CO2: 14167.7 | CP2: 2807.8 | CQ2: 4 | CR2: 0 | CS2: 112.8 | CT2: 195.4 | CU2: -2443.7 | CV2: 446.7 | CW2: 80 | CX2: 0 | CY2: 7805.1 | CZ2: 2590 | DA2: 5995.6 | DB2: 350 | DC2: 3916.8 | DD2: 756.6 | DE2: 25.9 | DF2: 1756.8 | DG2: 147.9 | DH2: 187.2 | DI2: 13326.7 | DJ2: 3036.4 | DK2: 5.7 | DL2: 0 | DM2: 96.7 | DN2: 162.5 | DO2: -2261.9 | DP2: 1773.5 | DQ2: 66.8 | DR2: 0 | DS2: 7654.9 | DT2: 3028 | DU2: 6630.8 | DV2: 307.7 | DW2: 3895.2 | DX2: 662.8 | DY2: 27.4 | DZ2: 1428.7 | EA2: 73.8 | EB2: 186.3 | EC2: 12934.3 | ED2: 3162 | EE2: 12.2 | EF2: 0 | EG2: 84 | EH2: 200.2 | EI2: -1818.5 | EJ2: 2551.9 | EK2: 81.9 | EL2: 0 | EM2: 8031.8 | EN2: 3689.1 | EO2: 6739.6 | EP2: 293.4 | EQ2: 3820.1 | ER2: 758.9 | ES2: 24.1 | ET2: 1269 | EU2: 65.6 | EV2: 238.2 | EW2: 13083.7 | EX2: 3374.8 | EY2: 6.5 | EZ2: 0 | FA2: 75.2 | FB2: 198.5 | FC2: -1085.9 | FD2: 820.6 | FE2: 113.6 | MD2: 6386.2 | ME2: 52.9 | MF2: 1075.6 | MG2: 7153.7 | MH2: 231.7 | MI2: 331.7 | MJ2: 288.2 | MK2: 0 | ML2: 931.6 | MM2: 1280.2 | MN2: 0 | MO2: 6152.9 | MP2: 0 | MQ2: 232.3 | MR2: 0 | MS2: 94.8 | MT2: 42.4 | MU2: -669.4 | MV2: 31.4 | MW2: 43.2 | MX2: 6352.9 | MY2: 0 | MZ2: 529.4 | NA2: 6058.5 | NB2: 188.5 | NC2: 436.4 | ND2: 262.5 | NE2: 0 | NF2: 1083.6 | NG2: 1622.1 | NH2: 0 | NI2: 6302.2 | NJ2: 0 | NK2: 189.2 | NL2: 0 | NM2: 98.5 | NN2: 47.1 | NO2: -852 | NP2: 175.9 | NQ2: 29.7 | NR2: 6186.1 | NS2: 0 | NT2: 545.9 | NU2: 6257.3 | NV2: 141.3 | NW2: 476.4 | NX2: 282.5 | NY2: 0 | NZ2: 926.8 | OA2: 1891.5 | OB2: 0 | OC2: 7024 | OD2: 0 | OE2: 198.3 | OF2: 0 | OG2: 96.8 | OH2: 52.2 | OI2: -740.4 | OJ2: -11.9 | OK2: 103.6 | OL2: 6415.4 | OM2: 0 | ON2: 883.4 | OO2: 8163.7 | OP2: 126 | OQ2: 466.6 | OR2: 260.3 | OS2: 0 | OT2: 738.5 | OU2: 1073 | OV2: 17.1 | OW2: 7167.9 | OX2: 0 | OY2: 185.7 | OZ2: 0 | PA2: 93.7 | PB2: 28.3 | PC2: -767.9 | PD2: -2002.3 | PE2: 158.8 | PF2: 6202.3 | PG2: 0 | PH2: 403.1 | PI2: 6116.6 | PJ2: 48.6 | PK2: 357.7 | PL2: 252.3 | PM2: 0 | PN2: 814.2 | PO2: 1657.3 | PP2: 490.6 | PQ2: 7399.3 | PR2: 0 | PS2: 245.1 | PT2: 0 | PU2: 78.9 | PV2: 9.8 | PW2: -763.9 | PX2: -77.7 | PY2: 85 | PZ2: 5958.9 | QA2: 0 | QB2: 294.9 | QC2: 4678.9 | QD2: 35.4 | QE2: 399.8 | QF2: 215.1 | QG2: 0 | QH2: 1009 | QI2: 2531.4 | QJ2: 789.3 | QK2: 7408.4 | QL2: 0 | QM2: 260.2 | QN2: 0 | QO2: 74.6 | QP2: 21.3 | QQ2: -607.4 | QR2: 432.1 | QS2: 64.2 | QT2: 5930.1 | QU2: 0 | QV2: 130.1 | QW2: 5677.6 | QX2: 27 | QY2: 435.6 | QZ2: 191.8 | RA2: 0 | RB2: 975.6 | RC2: 2497.5 | RD2: 1053.1 | RE2: 7110.6 | RF2: 0 | RG2: 275.5 | RH2: 0 | RI2: 71.2 | RJ2: 6.4 | RK2: -495.5 | RL2: -552.5 | RM2: 70.1 | RN2: 6117.1 | RO2: 0 | RP2: 36.1 | RQ2: 5929.6 | RR2: 20.3 | RS2: 422 | RT2: 205.4 | RU2: 0 | RV2: 952.8 | RW2: 2419.4 | RX2: 1328.6 | RY2: 6795.1 | RZ2: 0 | SA2: 326.2 | SB2: 0 | SC2: 66.1 | SD2: 9.6 | SE2: -424.8 | SF2: -133.3 | SG2: 98.6 | ZF2: 0 | ZG2: 0 | ZH2: 493.4 | ZI2: 1204 | ZJ2: 0 | ZK2: 310.6 | ZL2: 0 | ZM2: 0 | ZN2: 329.5 | ZO2: 91.5 | ZP2: 76.5 | ZQ2: 1686.2 | ZR2: 0 | ZS2: 0 | ZT2: 0 | ZU2: 0 | ZV2: 42.6 | ZW2: -404 | ZX2: 1170.9 | ZY2: 43.7 | ZZ2: 0 | AAA2: 0 | AAB2: 214.1 | AAC2: 1343.6 | AAD2: 0 | AAE2: 373 | AAF2: 0 | AAG2: 0 | AAH2: 536.9 | AAI2: 185.3 | AAJ2: 37.8 | AAK2: 1474.6 | AAL2: 5.1 | AAM2: 0 | AAN2: 0 | AAO2: 0 | AAP2: 28.3 | AAQ2: -387.8 | AAR2: 1025.7 | AAS2: 29.8 | AAT2: 0 | AAU2: 0 | AAV2: 53.6 | AAW2: 1333.8 | AAX2: 0 | AAY2: 393.9 | AAZ2: 0 | ABA2: 0 | ABB2: 579.7 | ABC2: 164.4 | ABD2: 117.4 | ABE2: 1620 | ABF2: 6.5 | ABG2: 0 | ABH2: 0 | ABI2: 0 | ABJ2: 27 | ABK2: -290 | ABL2: 880.9 | ABM2: 103.7 | ABN2: 0 | ABO2: 0 | ABP2: 0 | ABQ2: 1676.2 | ABR2: 0 | ABS2: 380.6 | ABT2: 0 | ABU2: 0 | ABV2: 313.8 | ABW2: 101.9 | ABX2: 122.5 | ABY2: 1581.1 | ABZ2: 9.4 | ACA2: 0 | ACB2: 0 | ACC2: 0 | ACD2: 22.3 | ACE2: -370.4 | ACF2: 1125.1 | ACG2: 159 | ACH2: 0 | ACI2: 0 | ACJ2: 0 | ACK2: 1064.6 | ACL2: 0 | ACM2: 332.8 | ACN2: 0 | ACO2: 0 | ACP2: 645.8 | ACQ2: 283.8 | ACR2: 258.1 | ACS2: 1602.4 | ACT2: 9.2 | ACU2: 0 | ACV2: 0 | ACW2: 0 | ACX2: 22.1 | ACY2: -363.4 | ACZ2: 1166.9 | ADA2: 85 | ADB2: 0 | ADC2: 0 | ADD2: 0 | ADE2: 461.6 | ADF2: 0 | ADG2: 362 | ADH2: 0 | ADI2: 0 | ADJ2: 891.7 | ADK2: 368.2 | ADL2: 562.6 | ADM2: 1735.1 | ADN2: 10 | ADO2: 0.1 | ADP2: 0 | ADQ2: 0 | ADR2: 28.5 | ADS2: -350 | ADT2: 1044.4 | ADU2: 64.6 | ADV2: 0 | ADW2: 0 | ADX2: 0 | ADY2: 800.5 | ADZ2: 0 | AEA2: 321 | AEB2: 0 | AEC2: 0 | AED2: 1000.7 | AEE2: 340.3 | AEF2: 549.9 | AEG2: 1642.1 | AEH2: 7.4 | AEI2: 0.1 | AEJ2: 0 | AEK2: 0 | AEL2: 25.7 | AEM2: -275.8 | AEN2: 899.8 | AEO2: 70.5 | AEP2: 0 | AEQ2: 0 | AER2: 0 | AES2: 780.8 | AET2: 0 | AEU2: 302.7 | AEV2: 0 | AEW2: 0 | AEX2: 832.7 | AEY2: 344.5 | AEZ2: 942 | AFA2: 1526 | AFB2: 8.8 | AFC2: 6.4 | AFD2: 0 | AFE2: 0 | AFF2: 26.5 | AFG2: -152.8 | AFH2: 798.9 | AFI2: 98.6 | AMH2: 42416.3 | AMI2: 0 | AMJ2: 147.8 | AMK2: 3589.2 | AML2: 170 | AMM2: 349 | AMN2: 200 | AMO2: 0 | AMP2: 4126.4 | AMQ2: 949 | AMR2: 25.3 | AMS2: 3832 | AMT2: 0 | AMU2: 10.4 | AMV2: 0 | AMW2: 0 | AMX2: 0 | AMY2: -1326.2 | AMZ2: -6984 | ANA2: 32 | ANB2: 37583.4 | ANC2: 0 | AND2: 130.1 | ANE2: 3372.8 | ANF2: 164.9 | ANG2: 332.6 | ANH2: 197.1 | ANI2: 0 | ANJ2: 4274.4 | ANK2: 1375 | ANL2: 80.1 | ANM2: 4485.6 | ANN2: 0 | ANO2: 18.8 | ANP2: 0 | ANQ2: 0 | ANR2: 0 | ANS2: -1099.4 | ANT2: -5303.5 | ANU2: 25.3 | ANV2: 40722.7 | ANW2: 0 | ANX2: 403.4 | ANY2: 3014.1 | ANZ2: 169 | AOA2: 357 | AOB2: 201.6 | AOC2: 0 | AOD2: 4257.2 | AOE2: 1223.1 | AOF2: 41.2 | AOG2: 4076.6 | AOH2: 0 | AOI2: 0 | AOJ2: 0 | AOK2: 0 | AOL2: 0 | AOM2: -1046.7 | AON2: -5232.7 | AOO2: 90.5 | AOP2: 31363.5 | AOQ2: 0 | AOR2: 309.5 | AOS2: 4361.6 | AOT2: 182.6 | AOU2: 403.5 | AOV2: 164.9 | AOW2: 0 | AOX2: 3417.5 | AOY2: 601 | AOZ2: 44.1 | APA2: 4480.4 | APB2: 0 | APC2: 0 | APD2: 0 | APE2: 0 | APF2: 0 | APG2: -1366.5 | APH2: 1558.3 | API2: 232.3 | APJ2: 36269.8 | APK2: 0 | APL2: 86.8 | APM2: 2937.5 | APN2: 177.6 | APO2: 370.8 | APP2: 99.7 | APQ2: 0 | APR2: 4031 | APS2: 1164.6 | APT2: 164.8 | APU2: 5480.4 | APV2: 134 | APW2: 6.5 | APX2: 0 | APY2: 0 | APZ2: 0 | AQA2: -683.7 | AQB2: -2467.3 | AQC2: 83.3 | AQD2: 41113.5 | AQE2: 0 | AQF2: 54.3 | AQG2: 1671.2 | AQH2: 135.8 | AQI2: 353 | AQJ2: 213.5 | AQK2: 0 | AQL2: 5093.4 | AQM2: 1745.7 | AQN2: 268.3 | AQO2: 4954.5 | AQP2: 460.7 | AQQ2: 0 | AQR2: 0 | AQS2: 0 | AQT2: 0 | AQU2: -753 | AQV2: -4308.8 | AQW2: 49.7 | AQX2: 42940.2 | AQY2: 0 | AQZ2: 50.2 | ARA2: 1480.4 | ARB2: 91 | ARC2: 306.7 | ARD2: 355.9 | ARE2: 0 | ARF2: 4174.1 | ARG2: 1312.7 | ARH2: 412.6 | ARI2: 5169.7 | ARJ2: 672.2 | ARK2: 0 | ARL2: 0 | ARM2: 0 | ARN2: 5.1 | ARO2: -940.8 | ARP2: -7802.2 | ARQ2: 55.9 | ARR2: 41685 | ARS2: 0 | ART2: 30.5 | ARU2: 1658.9 | ARV2: 46.6 | ARW2: 354.2 | ARX2: 395.4 | ARY2: 0 | ARZ2: 3851.2 | ASA2: 1316.8 | ASB2: 499.6 | ASC2: 5142.4 | ASD2: 742.9 | ASE2: 0 | ASF2: 0 | ASG2: 0 | ASH2: 15.4 | ASI2: -702.4 | ASJ2: -8828.4 | ASK2: 89.5 | AZJ2: 0 | AZK2: 0 | AZL2: 1660.4 | AZM2: 10080.8 | AZN2: 96.8 | AZO2: 590.9 | AZP2: 39.2 | AZQ2: 653.1 | AZR2: 2937.6 | AZS2: 451.1 | AZT2: 51.8 | AZU2: 2235 | AZV2: 0 | AZW2: 0.1 | AZX2: 0 | AZY2: 0 | AZZ2: 2314.5 | BAA2: -539.5 | BAB2: 4610.6 | BAC2: 43.7 | BAD2: 0 | BAE2: 0 | BAF2: 1264 | BAG2: 10117.5 | BAH2: 91.7 | BAI2: 659 | BAJ2: 34.3 | BAK2: 647.2 | BAL2: 3103.5 | BAM2: 335.2 | BAN2: 56.4 | BAO2: 2111.4 | BAP2: 0 | BAQ2: 0.3 | BAR2: 0 | BAS2: 0 | BAT2: 1676.7 | BAU2: -510 | BAV2: 4001.9 | BAW2: 31.4 | BAX2: 0 | BAY2: 0 | BAZ2: 1404.4 | BBA2: 10242.3 | BBB2: 177.2 | BBC2: 695.5 | BBD2: 34.9 | BBE2: 634 | BBF2: 2973.6 | BBG2: 375.6 | BBH2: 50.9 | BBI2: 2369.7 | BBJ2: 0 | BBK2: 0 | BBL2: 0 | BBM2: 0 | BBN2: 1631.8 | BBO2: -649.8 | BBP2: 5030.7 | BBQ2: 107.8 | BBR2: 0 | BBS2: 0 | BBT2: 2318.4 | BBU2: 10491 | BBV2: 258 | BBW2: 634.2 | BBX2: 34 | BBY2: 625 | BBZ2: 1821.4 | BCA2: 143.2 | BCB2: 21.2 | BCC2: 2277 | BCD2: 1.8 | BCE2: 0 | BCF2: 0 | BCG2: 0 | BCH2: 1770.1 | BCI2: -624.4 | BCJ2: 5268.7 | BCK2: 265.1 | BCL2: 0 | BCM2: 0 | BCN2: 1319.1 | BCO2: 8361.9 | BCP2: 158.3 | BCQ2: 489.2 | BCR2: 255.7 | BCS2: 613.1 | BCT2: 2771.2 | BCU2: 330 | BCV2: 93.1 | BCW2: 2587.4 | BCX2: 5.4 | BCY2: 0.1 | BCZ2: 0 | BDA2: 0 | BDB2: 1520.3 | BDC2: -358.4 | BDD2: 5864.4 | BDE2: 112.6 | BDF2: 0 | BDG2: 0 | BDH2: 391.3 | BDI2: 7889.6 | BDJ2: 117.5 | BDK2: 594.5 | BDL2: 331.8 | BDM2: 549.8 | BDN2: 3839.1 | BDO2: 468.4 | BDP2: 225.6 | BDQ2: 2400.3 | BDR2: 4.4 | BDS2: 0.7 | BDT2: 0 | BDU2: 0 | BDV2: 1433 | BDW2: -212.3 | BDX2: 5596.8 | BDY2: 95.5 | BDZ2: 0 | BEA2: 0 | BEB2: 352.4 | BEC2: 9049.8 | BED2: 63 | BEE2: 700.6 | BEF2: 4.9 | BEG2: 153.2 | BEH2: 2576 | BEI2: 323 | BEJ2: 123.7 | BEK2: 2406.7 | BEL2: 4.4 | BEM2: 0.1 | BEN2: 0 | BEO2: 5.2 | BEP2: 1609.3 | BEQ2: -103 | BER2: 4478.9 | BES2: 106.3 | BET2: 0 | BEU2: 0 | BEV2: 263.8 | BEW2: 11345.9 | BEX2: 79.6 | BEY2: 508.5 | BEZ2: 1.5 | BFA2: 513.1 | BFB2: 2304.3 | BFC2: 289.7 | BFD2: 56.1 | BFE2: 2463.2 | BFF2: 4.9 | BFG2: 0 | BFH2: 0 | BFI2: 0 | BFJ2: 1735.6 | BFK2: -25.5 | BFL2: 4765.8 | BFM2: 143.9
A3: 1 | B3: 8065.9 | C3: 10482.3 | D3: 3804.6 | E3: 5407.5 | F3: 448.6 | G3: 4421.7 | H3: 689.7 | I3: 23.1 | J3: 1671.3 | K3: 139.6 | L3: 134.1 | M3: 11693.5 | N3: 2836.6 | O3: 0.2 | P3: 0 | Q3: 152.8 | R3: 367 | S3: -3611.8 | T3: -773.1 | U3: 28.1 | V3: 6925.1 | W3: 8138 | X3: 2797.6 | Y3: 6494.1 | Z3: 417.3 | AA3: 4442.9 | AB3: 684.3 | AC3: 24.2 | AD3: 1649.4 | AE3: 103.2 | AF3: 1653.2 | AG3: 12082.9 | AH3: 3055.3 | AI3: 0.4 | AJ3: 0 | AK3: 155.5 | AL3: 337.6 | AM3: -2070.8 | AN3: -325.9 | AO3: 21.9 | AP3: 7463.7 | AQ3: 10514.4 | AR3: 4637 | AS3: 5538.8 | AT3: 357 | AU3: 4218.2 | AV3: 807.7 | AW3: 25.6 | AX3: 1528.8 | AY3: 108.3 | AZ3: 143.3 | BA3: 10475.4 | BB3: 2710.4 | BC3: 0.5 | BD3: 0 | BE3: 137 | BF3: 320 | BG3: -2988.6 | BH3: -1487.1 | BI3: 72.2 | BJ3: 3763.2 | BK3: 11534.9 | BL3: 6517 | BM3: 4257.3 | BN3: 295 | BO3: 4109.2 | BP3: 741.5 | BQ3: 25.1 | BR3: 1286.5 | BS3: 91.7 | BT3: 138.5 | BU3: 11830.6 | BV3: 2914 | BW3: 3.3 | BX3: 0 | BY3: 121.4 | BZ3: 252.8 | CA3: -3243 | CB3: -2610.2 | CC3: 191.7 | CD3: 769.8 | CE3: 8285.4 | CF3: 3566.8 | CG3: 5302.5 | CH3: 344.5 | CI3: 4056.4 | CJ3: 769.4 | CK3: 23.3 | CL3: 1532.9 | CM3: 96.8 | CN3: 136.1 | CO3: 13990.2 | CP3: 2782.7 | CQ3: 3.6 | CR3: 0 | CS3: 112.5 | CT3: 194.7 | CU3: -2824.4 | CV3: 709.7 | CW3: 77.7 | CX3: 0 | CY3: 7750.6 | CZ3: 2534.7 | DA3: 5944.1 | DB3: 350 | DC3: 3904 | DD3: 754.3 | DE3: 26 | DF3: 1755.8 | DG3: 145.2 | DH3: 145.7 | DI3: 13210.9 | DJ3: 3036.8 | DK3: 5.7 | DL3: 0 | DM3: 96.4 | DN3: 161.7 | DO3: -2600.3 | DP3: 1997.7 | DQ3: 65.2 | DR3: 0 | DS3: 7607.8 | DT3: 2971.2 | DU3: 6579.4 | DV3: 307.8 | DW3: 3881.8 | DX3: 660.7 | DY3: 27.5 | DZ3: 1429.5 | EA3: 72.4 | EB3: 155.5 | EC3: 12789.4 | ED3: 3141.8 | EE3: 12.2 | EF3: 0 | EG3: 83.9 | EH3: 200.2 | EI3: -2059.4 | EJ3: 2811.1 | EK3: 80.1 | EL3: 0 | EM3: 7990.1 | EN3: 3648.3 | EO3: 6675.7 | EP3: 292.6 | EQ3: 3808.9 | ER3: 757.6 | ES3: 24.1 | ET3: 1264.9 | EU3: 63.6 | EV3: 215.2 | EW3: 12818.8 | EX3: 3345.8 | EY3: 6.3 | EZ3: 0 | FA3: 75.4 | FB3: 198.3 | FC3: -1269.9 | FD3: 1227.7 | FE3: 111.4 | MD3: 6386.9 | ME3: 49.7 | MF3: 1036 | MG3: 7015.4 | MH3: 229.4 | MI3: 331.3 | MJ3: 287.6 | MK3: 0 | ML3: 920.1 | MM3: 1152.7 | MN3: 0 | MO3: 6020 | MP3: 0 | MQ3: 205.5 | MR3: 0 | MS3: 94.4 | MT3: 42.3 | MU3: -903 | MV3: -60.7 | MW3: 41.6 | MX3: 6350.2 | MY3: 0 | MZ3: 524.1 | NA3: 5997 | NB3: 186.6 | NC3: 435.6 | ND3: 263 | NE3: 0 | NF3: 1068.2 | NG3: 1406.5 | NH3: 0 | NI3: 6186 | NJ3: 0 | NK3: 168.8 | NL3: 0 | NM3: 98.2 | NN3: 47 | NO3: -1136.7 | NP3: 120.3 | NQ3: 28.2 | NR3: 6182.5 | NS3: 0 | NT3: 536.9 | NU3: 6128.2 | NV3: 140.2 | NW3: 475.4 | NX3: 283.1 | NY3: 0 | NZ3: 917.3 | OA3: 1752.3 | OB3: 0 | OC3: 6842.2 | OD3: 0 | OE3: 176.2 | OF3: 0 | OG3: 96.6 | OH3: 52.2 | OI3: -953.3 | OJ3: -71 | OK3: 100.1 | OL3: 6413.6 | OM3: 0 | ON3: 869.1 | OO3: 7990.8 | OP3: 125.1 | OQ3: 463.7 | OR3: 260.7 | OS3: 0 | OT3: 728.9 | OU3: 907.3 | OV3: 12.7 | OW3: 6989 | OX3: 0 | OY3: 166 | OZ3: 0 | PA3: 93 | PB3: 28.3 | PC3: -1040.5 | PD3: -2001.6 | PE3: 153 | PF3: 6199.2 | PG3: 0 | PH3: 397 | PI3: 5991.5 | PJ3: 48.3 | PK3: 356.1 | PL3: 252.2 | PM3: 0 | PN3: 802.9 | PO3: 1501 | PP3: 370.7 | PQ3: 7191.8 | PR3: 0 | PS3: 221.4 | PT3: 0 | PU3: 78.2 | PV3: 10 | PW3: -1014.1 | PX3: -48.7 | PY3: 82.2 | PZ3: 5958.8 | QA3: 0 | QB3: 292.2 | QC3: 4563.9 | QD3: 35 | QE3: 399.3 | QF3: 215 | QG3: 0 | QH3: 996.9 | QI3: 2383.3 | QJ3: 659 | QK3: 7179.6 | QL3: 0 | QM3: 239.9 | QN3: 0 | QO3: 74.1 | QP3: 21.3 | QQ3: -789 | QR3: 437.1 | QS3: 62.1 | QT3: 5931 | QU3: 0 | QV3: 128.3 | QW3: 5508.6 | QX3: 26.8 | QY3: 434.6 | QZ3: 190.9 | RA3: 0 | RB3: 964.7 | RC3: 2325.5 | RD3: 912.9 | RE3: 6897.9 | RF3: 0 | RG3: 253.5 | RH3: 0 | RI3: 70.5 | RJ3: 6.4 | RK3: -653.3 | RL3: -593.3 | RM3: 66.5 | RN3: 6118.9 | RO3: 0 | RP3: 36.3 | RQ3: 5732 | RR3: 20.1 | RS3: 420.6 | RT3: 205.3 | RU3: 0 | RV3: 941.9 | RW3: 2304.2 | RX3: 1197.9 | RY3: 6449.9 | RZ3: 0 | SA3: 300.1 | SB3: 0 | SC3: 65.6 | SD3: 9.7 | SE3: -540.5 | SF3: -48.7 | SG3: 95.6 | ZF3: 0 | ZG3: 0 | ZH3: 458.8 | ZI3: 1169.8 | ZJ3: 0 | ZK3: 310.8 | ZL3: 0 | ZM3: 0 | ZN3: 281.4 | ZO3: 81.2 | ZP3: 56.8 | ZQ3: 1681 | ZR3: 0 | ZS3: 0 | ZT3: 0 | ZU3: 0 | ZV3: 42.7 | ZW3: -544.5 | ZX3: 1221.6 | ZY3: 42 | ZZ3: 0 | AAA3: 0 | AAB3: 206 | AAC3: 1297.8 | AAD3: 0 | AAE3: 372.4 | AAF3: 0 | AAG3: 0 | AAH3: 447.3 | AAI3: 163.4 | AAJ3: 25.7 | AAK3: 1479.8 | AAL3: 4.8 | AAM3: 0 | AAN3: 0 | AAO3: 0 | AAP3: 28.3 | AAQ3: -539.3 | AAR3: 1113.6 | AAS3: 28.4 | AAT3: 0 | AAU3: 0 | AAV3: 49.8 | AAW3: 1295.5 | AAX3: 0 | AAY3: 393.8 | AAZ3: 0 | ABA3: 0 | ABB3: 507.5 | ABC3: 145.4 | ABD3: 84.7 | ABE3: 1626.4 | ABF3: 6.2 | ABG3: 0 | ABH3: 0 | ABI3: 0 | ABJ3: 26.9 | ABK3: -398.7 | ABL3: 911.5 | ABM3: 100.3 | ABN3: 0 | ABO3: 0 | ABP3: 0 | ABQ3: 1643.8 | ABR3: 0 | ABS3: 379.6 | ABT3: 0 | ABU3: 0 | ABV3: 258.8 | ABW3: 89 | ABX3: 84.6 | ABY3: 1587.1 | ABZ3: 9 | ACA3: 0 | ACB3: 0 | ACC3: 0 | ACD3: 22.3 | ACE3: -489.8 | ACF3: 1139.9 | ACG3: 153.1 | ACH3: 0 | ACI3: 0 | ACJ3: 0 | ACK3: 1045 | ACL3: 0 | ACM3: 332.4 | ACN3: 0 | ACO3: 0 | ACP3: 578.7 | ACQ3: 261.6 | ACR3: 204.3 | ACS3: 1598.8 | ACT3: 8.9 | ACU3: 0 | ACV3: 0 | ACW3: 0 | ACX3: 22.1 | ACY3: -477.8 | ACZ3: 1195 | ADA3: 82.2 | ADB3: 0 | ADC3: 0 | ADD3: 0 | ADE3: 457.6 | ADF3: 0 | ADG3: 361.7 | ADH3: 0 | ADI3: 0 | ADJ3: 791.5 | ADK3: 336.1 | ADL3: 468.9 | ADM3: 1735.9 | ADN3: 10 | ADO3: 0 | ADP3: 0 | ADQ3: 0 | ADR3: 28.4 | ADS3: -472.3 | ADT3: 1125.1 | ADU3: 62.5 | ADV3: 0 | ADW3: 0 | ADX3: 0 | ADY3: 801.6 | ADZ3: 0 | AEA3: 320.7 | AEB3: 0 | AEC3: 0 | AED3: 917.6 | AEE3: 306.9 | AEF3: 429.9 | AEG3: 1644.4 | AEH3: 7.3 | AEI3: 0.1 | AEJ3: 0 | AEK3: 0 | AEL3: 25.7 | AEM3: -376.2 | AEN3: 951 | AEO3: 67 | AEP3: 0 | AEQ3: 0 | AER3: 0 | AES3: 774.9 | AET3: 0 | AEU3: 302.4 | AEV3: 0 | AEW3: 0 | AEX3: 751.3 | AEY3: 318.5 | AEZ3: 822.9 | AFA3: 1522.5 | AFB3: 8.5 | AFC3: 6.3 | AFD3: 0 | AFE3: 0 | AFF3: 26.3 | AFG3: -213 | AFH3: 808.9 | AFI3: 95.5 | AMH3: 42258 | AMI3: 0 | AMJ3: 143.2 | AMK3: 3457.8 | AML3: 172.2 | AMM3: 350.6 | AMN3: 201.1 | AMO3: 0 | AMP3: 4044 | AMQ3: 834.1 | AMR3: 5.6 | AMS3: 3801.1 | AMT3: 0 | AMU3: 10.3 | AMV3: 0 | AMW3: 0 | AMX3: 0 | AMY3: -1787.7 | AMZ3: -7619.2 | ANA3: 29.5 | ANB3: 37290.8 | ANC3: 0 | AND3: 125.8 | ANE3: 3296.2 | ANF3: 164.6 | ANG3: 332.7 | ANH3: 196.7 | ANI3: 0 | ANJ3: 4168.4 | ANK3: 1281.8 | ANL3: 30 | ANM3: 4406.4 | ANN3: 0 | ANO3: 18.8 | ANP3: 0 | ANQ3: 0 | ANR3: 0 | ANS3: -1534.1 | ANT3: -6052.6 | ANU3: 23.5 | ANV3: 40567 | ANW3: 0 | ANX3: 394.2 | ANY3: 2963.9 | ANZ3: 169.3 | AOA3: 357.1 | AOB3: 201.3 | AOC3: 0 | AOD3: 4180.2 | AOE3: 1103.8 | AOF3: 10.3 | AOG3: 4009.9 | AOH3: 0 | AOI3: 0 | AOJ3: 0 | AOK3: 0 | AOL3: 0 | AOM3: -1510.5 | AON3: -5958.6 | AOO3: 84.5 | AOP3: 31270.5 | AOQ3: 0 | AOR3: 304.5 | AOS3: 4295.8 | AOT3: 180.2 | AOU3: 403.4 | AOV3: 165.1 | AOW3: 0 | AOX3: 3338.2 | AOY3: 518.8 | AOZ3: 17.9 | APA3: 4346 | APB3: 0 | APC3: 0 | APD3: 0 | APE3: 0 | APF3: 0 | APG3: -1812 | APH3: 891.9 | API3: 221.6 | APJ3: 36038 | APK3: 0 | APL3: 85.8 | APM3: 2813.7 | APN3: 179.3 | APO3: 370.6 | APP3: 99.7 | APQ3: 0 | APR3: 3949.3 | APS3: 1043.6 | APT3: 82.7 | APU3: 5402.8 | APV3: 133.2 | APW3: 6.5 | APX3: 0 | APY3: 0 | APZ3: 0 | AQA3: -953.6 | AQB3: -2752.3 | AQC3: 78.2 | AQD3: 40729.6 | AQE3: 0 | AQF3: 53.4 | AQG3: 1568.5 | AQH3: 135.5 | AQI3: 353 | AQJ3: 213.5 | AQK3: 0 | AQL3: 4997.6 | AQM3: 1583.8 | AQN3: 108.5 | AQO3: 4848.2 | AQP3: 456.8 | AQQ3: 0 | AQR3: 0 | AQS3: 0 | AQT3: 0 | AQU3: -1169.3 | AQV3: -4438.1 | AQW3: 44.6 | AQX3: 42569.4 | AQY3: 0 | AQZ3: 48.1 | ARA3: 1395.8 | ARB3: 87.6 | ARC3: 307.1 | ARD3: 355.8 | ARE3: 0 | ARF3: 4086.9 | ARG3: 1183.8 | ARH3: 278.9 | ARI3: 5021.3 | ARJ3: 661.8 | ARK3: 0 | ARL3: 0 | ARM3: 0 | ARN3: 4.2 | ARO3: -1371.4 | ARP3: -7857 | ARQ3: 50.3 | ARR3: 41664.1 | ARS3: 0 | ART3: 30.4 | ARU3: 1556.4 | ARV3: 44.6 | ARW3: 354.7 | ARX3: 396.2 | ARY3: 0 | ARZ3: 3772.2 | ASA3: 1187.7 | ASB3: 341.9 | ASC3: 4938.8 | ASD3: 723.2 | ASE3: 0 | ASF3: 0 | ASG3: 0 | ASH3: 14.1 | ASI3: -1063.7 | ASJ3: -9273.6 | ASK3: 82.5 | AZJ3: 0 | AZK3: 0 | AZL3: 1625.2 | AZM3: 9867.6 | AZN3: 96.4 | AZO3: 589.4 | AZP3: 39.5 | AZQ3: 653.4 | AZR3: 2841.1 | AZS3: 429 | AZT3: 30.4 | AZU3: 2212 | AZV3: 0 | AZW3: 0.1 | AZX3: 0 | AZY3: 0 | AZZ3: 2247 | BAA3: -707.2 | BAB3: 4607.7 | BAC3: 42.1 | BAD3: 0 | BAE3: 0 | BAF3: 1256.7 | BAG3: 9887.6 | BAH3: 91.1 | BAI3: 657 | BAJ3: 33.9 | BAK3: 647.6 | BAL3: 3016.8 | BAM3: 322 | BAN3: 34.8 | BAO3: 2097.8 | BAP3: 0 | BAQ3: 0 | BAR3: 0 | BAS3: 0 | BAT3: 1654 | BAU3: -674 | BAV3: 3973.1 | BAW3: 29.8 | BAX3: 0 | BAY3: 0 | BAZ3: 1381 | BBA3: 9954.3 | BBB3: 170.6 | BBC3: 695.8 | BBD3: 34.5 | BBE3: 634.1 | BBF3: 2908.1 | BBG3: 360.1 | BBH3: 38.5 | BBI3: 2341.3 | BBJ3: 0 | BBK3: 0 | BBL3: 0 | BBM3: 0 | BBN3: 1608.6 | BBO3: -789.9 | BBP3: 5078 | BBQ3: 104.1 | BBR3: 0 | BBS3: 0 | BBT3: 2294.6 | BBU3: 10180.8 | BBV3: 254.8 | BBW3: 634 | BBX3: 33.7 | BBY3: 625.3 | BBZ3: 1772.1 | BCA3: 133.5 | BCB3: 13.4 | BCC3: 2275.7 | BCD3: 1.7 | BCE3: 0 | BCF3: 0 | BCG3: 0 | BCH3: 1744 | BCI3: -793.8 | BCJ3: 5264.7 | BCK3: 258.2 | BCL3: 0 | BCM3: 0 | BCN3: 1314.2 | BCO3: 8149.3 | BCP3: 156.6 | BCQ3: 488.5 | BCR3: 255.3 | BCS3: 613.5 | BCT3: 2713.8 | BCU3: 315.4 | BCV3: 73 | BCW3: 2560.2 | BCX3: 5.3 | BCY3: 0.1 | BCZ3: 0 | BDA3: 0 | BDB3: 1490.2 | BDC3: -470.7 | BDD3: 5762.3 | BDE3: 109.4 | BDF3: 0 | BDG3: 0 | BDH3: 391.2 | BDI3: 7618.4 | BDJ3: 118.2 | BDK3: 595.5 | BDL3: 332.2 | BDM3: 550.1 | BDN3: 3751.8 | BDO3: 454.3 | BDP3: 196.3 | BDQ3: 2391.2 | BDR3: 4.6 | BDS3: 0.7 | BDT3: 0 | BDU3: 0 | BDV3: 1382.3 | BDW3: -300.5 | BDX3: 5532.6 | BDY3: 93.1 | BDZ3: 0 | BEA3: 0 | BEB3: 351.5 | BEC3: 8841 | BED3: 63.3 | BEE3: 700.4 | BEF3: 5 | BEG3: 151.7 | BEH3: 2516.4 | BEI3: 302.1 | BEJ3: 96.3 | BEK3: 2411.8 | BEL3: 4.5 | BEM3: 0.1 | BEN3: 0 | BEO3: 3.6 | BEP3: 1595.5 | BEQ3: -151.7 | BER3: 4455 | BES3: 104.6 | BET3: 0 | BEU3: 0 | BEV3: 263 | BEW3: 11128.6 | BEX3: 79 | BEY3: 509.2 | BEZ3: 1.5 | BFA3: 513.3 | BFB3: 2257.6 | BFC3: 273.5 | BFD3: 58.6 | BFE3: 2453.8 | BFF3: 4.5 | BFG3: 0 | BFH3: 0 | BFI3: 0 | BFJ3: 1723.6 | BFK3: -27.9 | BFL3: 4777.2 | BFM3: 141.6
A4: 2 | B4: 8054.8 | C4: 10577.3 | D4: 3883.5 | E4: 5439.7 | F4: 448.5 | G4: 4428.3 | H4: 689.7 | I4: 23 | J4: 1668.4 | K4: 138.8 | L4: 126.9 | M4: 11577.6 | N4: 2849.1 | O4: 0.6 | P4: 0 | Q4: 152.9 | R4: 367.1 | S4: -3530.6 | T4: -638.4 | U4: 27.8 | V4: 6919.7 | W4: 8192.4 | X4: 2816.8 | Y4: 6506.2 | Z4: 417.4 | AA4: 4450.2 | AB4: 682.8 | AC4: 24.2 | AD4: 1646.8 | AE4: 104.4 | AF4: 1640.6 | AG4: 11966 | AH4: 3014.7 | AI4: 0.9 | AJ4: 0 | AK4: 155.9 | AL4: 338.6 | AM4: -2124.1 | AN4: -155.1 | AO4: 21.4 | AP4: 7467.1 | AQ4: 10569.7 | AR4: 4740.5 | AS4: 5580.1 | AT4: 355.9 | AU4: 4225.4 | AV4: 803.9 | AW4: 25.6 | AX4: 1525 | AY4: 111 | AZ4: 137.5 | BA4: 10354.6 | BB4: 2709.2 | BC4: 1 | BD4: 0 | BE4: 137.6 | BF4: 321 | BG4: -2949.9 | BH4: -1280.6 | BI4: 71.8 | BJ4: 3764.2 | BK4: 11545.1 | BL4: 6545.3 | BM4: 4298.4 | BN4: 294.9 | BO4: 4121.9 | BP4: 739.2 | BQ4: 25.1 | BR4: 1285.8 | BS4: 98.5 | BT4: 146.2 | BU4: 11660.6 | BV4: 2868.2 | BW4: 3.7 | BX4: 0 | BY4: 121.7 | BZ4: 253.7 | CA4: -3159.2 | CB4: -2239.5 | CC4: 190.7 | CD4: 769.9 | CE4: 8334.6 | CF4: 3592.3 | CG4: 5348.4 | CH4: 344.5 | CI4: 4069.6 | CJ4: 768.1 | CK4: 23.3 | CL4: 1531.3 | CM4: 101.4 | CN4: 145.2 | CO4: 13842.2 | CP4: 2752.1 | CQ4: 4.4 | CR4: 0 | CS4: 112.7 | CT4: 195.4 | CU4: -2815.3 | CV4: 1083.1 | CW4: 77 | CX4: 0 | CY4: 7776.3 | CZ4: 2551.6 | DA4: 5990.4 | DB4: 349.2 | DC4: 3927.8 | DD4: 754.2 | DE4: 26 | DF4: 1755.2 | DG4: 150 | DH4: 159.3 | DI4: 13130.5 | DJ4: 3020.5 | DK4: 6.6 | DL4: 0 | DM4: 96.2 | DN4: 161.6 | DO4: -2538.6 | DP4: 2336.8 | DQ4: 64.7 | DR4: 0 | DS4: 7658.8 | DT4: 2979.5 | DU4: 6633.3 | DV4: 307.6 | DW4: 3911.9 | DX4: 657.7 | DY4: 27.4 | DZ4: 1430 | EA4: 79 | EB4: 165.6 | EC4: 12700.6 | ED4: 3125.1 | EE4: 13.7 | EF4: 0 | EG4: 83.7 | EH4: 200.6 | EI4: -2017.9 | EJ4: 3179.7 | EK4: 80.5 | EL4: 0 | EM4: 8000.2 | EN4: 3649 | EO4: 6701 | EP4: 293.2 | EQ4: 3838.4 | ER4: 756 | ES4: 24.1 | ET4: 1262.4 | EU4: 68.1 | EV4: 226.3 | EW4: 12622.4 | EX4: 3326.4 | EY4: 7.1 | EZ4: 0 | FA4: 75.4 | FB4: 198.8 | FC4: -1274.4 | FD4: 1806.5 | FE4: 111.5 | MD4: 6371.6 | ME4: 49.2 | MF4: 1016.1 | MG4: 7002.2 | MH4: 227.3 | MI4: 330.3 | MJ4: 287.2 | MK4: 0 | ML4: 910.2 | MM4: 1096.7 | MN4: 0 | MO4: 5853.3 | MP4: 0 | MQ4: 181 | MR4: 0 | MS4: 93.9 | MT4: 42.3 | MU4: -1026.3 | MV4: -34.1 | MW4: 40.7 | MX4: 6348.1 | MY4: 0 | MZ4: 523.4 | NA4: 5991.3 | NB4: 185.7 | NC4: 435.1 | ND4: 263.1 | NE4: 0 | NF4: 1061 | NG4: 1328.1 | NH4: 0 | NI4: 6049.9 | NJ4: 0 | NK4: 147.1 | NL4: 0 | NM4: 97.9 | NN4: 47.2 | NO4: -1300.3 | NP4: 184.6 | NQ4: 27.5 | NR4: 6183.2 | NS4: 0 | NT4: 531.6 | NU4: 6107.2 | NV4: 139.5 | NW4: 475.2 | NX4: 283.6 | NY4: 0 | NZ4: 911 | OA4: 1691.5 | OB4: 0 | OC4: 6671.7 | OD4: 0 | OE4: 155.7 | OF4: 0 | OG4: 96.4 | OH4: 52.1 | OI4: -1068.5 | OJ4: 1.8 | OK4: 97.1 | OL4: 6413.5 | OM4: 0 | ON4: 863.4 | OO4: 7951 | OP4: 124.5 | OQ4: 463.3 | OR4: 261 | OS4: 0 | OT4: 724.6 | OU4: 854.8 | OV4: 11 | OW4: 6798.2 | OX4: 0 | OY4: 146.3 | OZ4: 0 | PA4: 92.7 | PB4: 28.4 | PC4: -1200.3 | PD4: -1920.6 | PE4: 150.1 | PF4: 6201 | PG4: 0 | PH4: 394.2 | PI4: 5937.8 | PJ4: 48.2 | PK4: 356.2 | PL4: 252.3 | PM4: 0 | PN4: 796.8 | PO4: 1438.4 | PP4: 323.5 | PQ4: 6996.4 | PR4: 0 | PS4: 197 | PT4: 0 | PU4: 77.5 | PV4: 10.2 | PW4: -1152.8 | PX4: 50.7 | PY4: 80.1 | PZ4: 5960.3 | QA4: 0 | QB4: 289.9 | QC4: 4523.8 | QD4: 35 | QE4: 398.1 | QF4: 214.6 | QG4: 0 | QH4: 989.5 | QI4: 2311.4 | QJ4: 617.8 | QK4: 6968 | QL4: 0 | QM4: 219.6 | QN4: 0 | QO4: 73.7 | QP4: 21.3 | QQ4: -912.2 | QR4: 524.9 | QS4: 60.3 | QT4: 5930.2 | QU4: 0 | QV4: 126.7 | QW4: 5427.9 | QX4: 26.9 | QY4: 433.7 | QZ4: 190 | RA4: 0 | RB4: 958.1 | RC4: 2235.7 | RD4: 839.2 | RE4: 6716.3 | RF4: 0 | RG4: 233.8 | RH4: 0 | RI4: 69.9 | RJ4: 6.4 | RK4: -776.9 | RL4: -498.4 | RM4: 64.5 | RN4: 6120.7 | RO4: 0 | RP4: 36.3 | RQ4: 5701.4 | RR4: 20.1 | RS4: 419.7 | RT4: 205.3 | RU4: 0 | RV4: 935.4 | RW4: 2255.9 | RX4: 1149 | RY4: 6181.5 | RZ4: 0 | SA4: 263.4 | SB4: 0 | SC4: 65.1 | SD4: 9.6 | SE4: -609.1 | SF4: 64 | SG4: 93.8 | ZF4: 0 | ZG4: 0 | ZH4: 444.3 | ZI4: 1161.2 | ZJ4: 0 | ZK4: 310.6 | ZL4: 0 | ZM4: 0 | ZN4: 261.7 | ZO4: 78.7 | ZP4: 50.4 | ZQ4: 1683.1 | ZR4: 0 | ZS4: 0 | ZT4: 0 | ZU4: 0 | ZV4: 43 | ZW4: -658.8 | ZX4: 1244 | ZY4: 41.1 | ZZ4: 0 | AAA4: 0 | AAB4: 202.2 | AAC4: 1289.1 | AAD4: 0 | AAE4: 372.3 | AAF4: 0 | AAG4: 0 | AAH4: 408.6 | AAI4: 157 | AAJ4: 21.5 | AAK4: 1477.7 | AAL4: 4.7 | AAM4: 0 | AAN4: 0 | AAO4: 0 | AAP4: 28 | AAQ4: -629.7 | AAR4: 1130.1 | AAS4: 27.6 | AAT4: 0 | AAU4: 0 | AAV4: 48.4 | AAW4: 1287.8 | AAX4: 0 | AAY4: 393 | AAZ4: 0 | ABA4: 0 | ABB4: 484.2 | ABC4: 137.9 | ABD4: 71.6 | ABE4: 1630.1 | ABF4: 5.8 | ABG4: 0 | ABH4: 0 | ABI4: 0 | ABJ4: 26.6 | ABK4: -494 | ABL4: 919.8 | ABM4: 97.3 | ABN4: 0 | ABO4: 0 | ABP4: 0 | ABQ4: 1649.2 | ABR4: 0 | ABS4: 379.6 | ABT4: 0 | ABU4: 0 | ABV4: 240 | ABW4: 86 | ABX4: 80.6 | ABY4: 1582.1 | ABZ4: 8.7 | ACA4: 0 | ACB4: 0 | ACC4: 0 | ACD4: 22.2 | ACE4: -571.4 | ACF4: 1113.8 | ACG4: 150.2 | ACH4: 0 | ACI4: 0 | ACJ4: 0 | ACK4: 1036.9 | ACL4: 0 | ACM4: 332.5 | ACN4: 0 | ACO4: 0 | ACP4: 523.6 | ACQ4: 253.6 | ACR4: 183.4 | ACS4: 1594.9 | ACT4: 8.8 | ACU4: 0 | ACV4: 0 | ACW4: 0 | ACX4: 22 | ACY4: -559.3 | ACZ4: 1222.9 | ADA4: 80.1 | ADB4: 0 | ADC4: 0 | ADD4: 0 | ADE4: 455.7 | ADF4: 0 | ADG4: 362.1 | ADH4: 0 | ADI4: 0 | ADJ4: 749.5 | ADK4: 323.7 | ADL4: 430.8 | ADM4: 1745.9 | ADN4: 10 | ADO4: 0.1 | ADP4: 0 | ADQ4: 0 | ADR4: 28.2 | ADS4: -567 | ADT4: 1160.2 | ADU4: 60.7 | ADV4: 0 | ADW4: 0 | ADX4: 0 | ADY4: 804.6 | ADZ4: 0 | AEA4: 320.3 | AEB4: 0 | AEC4: 0 | AED4: 891.5 | AEE4: 291.9 | AEF4: 378.2 | AEG4: 1652.6 | AEH4: 7.1 | AEI4: 0.1 | AEJ4: 0 | AEK4: 0 | AEL4: 25.4 | AEM4: -448.2 | AEN4: 942.2 | AEO4: 64.9 | AEP4: 0 | AEQ4: 0 | AER4: 0 | AES4: 772.2 | AET4: 0 | AEU4: 302.4 | AEV4: 0 | AEW4: 0 | AEX4: 715.8 | AEY4: 299.7 | AEZ4: 769.5 | AFA4: 1521.6 | AFB4: 8.4 | AFC4: 6.4 | AFD4: 0 | AFE4: 0 | AFF4: 25.9 | AFG4: -246.8 | AFH4: 789.8 | AFI4: 93.7 | AMH4: 41992.2 | AMI4: 0 | AMJ4: 141.9 | AMK4: 3394.4 | AML4: 172.9 | AMM4: 350.6 | AMN4: 201 | AMO4: 0 | AMP4: 3987.1 | AMQ4: 743.5 | AMR4: 0.9 | AMS4: 3766.2 | AMT4: 0 | AMU4: 10.3 | AMV4: 0 | AMW4: 0 | AMX4: 0 | AMY4: -2116.6 | AMZ4: -8272.1 | ANA4: 27.5 | ANB4: 37088.7 | ANC4: 0 | AND4: 123.6 | ANE4: 3230.4 | ANF4: 164.7 | ANG4: 332.7 | ANH4: 196.7 | ANI4: 0 | ANJ4: 4112.6 | ANK4: 1211.4 | ANL4: 15.7 | ANM4: 4320.3 | ANN4: 0 | ANO4: 18.7 | ANP4: 0 | ANQ4: 0 | ANR4: 0 | ANS4: -1882 | ANT4: -6769.1 | ANU4: 22.1 | ANV4: 40477.6 | ANW4: 0 | ANX4: 385.7 | ANY4: 2900.7 | ANZ4: 170.4 | AOA4: 357.3 | AOB4: 200.9 | AOC4: 0 | AOD4: 4127.9 | AOE4: 1009.6 | AOF4: 2 | AOG4: 3951.1 | AOH4: 0 | AOI4: 0 | AOJ4: 0 | AOK4: 0 | AOL4: 0 | AOM4: -1856.4 | AON4: -6647.5 | AOO4: 79.1 | AOP4: 31245.9 | AOQ4: 0 | AOR4: 293.7 | AOS4: 4251.6 | AOT4: 176.9 | AOU4: 403.5 | AOV4: 165 | AOW4: 0 | AOX4: 3282.3 | AOY4: 428.7 | AOZ4: 3.3 | APA4: 4243.1 | APB4: 0 | APC4: 0 | APD4: 0 | APE4: 0 | APF4: 0 | APG4: -2198.6 | APH4: 234.8 | API4: 214.9 | APJ4: 35873.1 | APK4: 0 | APL4: 85 | APM4: 2747.8 | APN4: 181.9 | APO4: 370.3 | APP4: 99.3 | APQ4: 0 | APR4: 3895.4 | APS4: 941.9 | APT4: 67.9 | APU4: 5288.5 | APV4: 132 | APW4: 6.5 | APX4: 0 | APY4: 0 | APZ4: 0 | AQA4: -1220.3 | AQB4: -3267.8 | AQC4: 73.4 | AQD4: 40539.4 | AQE4: 0 | AQF4: 52.5 | AQG4: 1555.5 | AQH4: 135.3 | AQI4: 353.3 | AQJ4: 213.3 | AQK4: 0 | AQL4: 4936.7 | AQM4: 1485.3 | AQN4: 54 | AQO4: 4773.6 | AQP4: 455.2 | AQQ4: 0 | AQR4: 0 | AQS4: 0 | AQT4: 0 | AQU4: -1502.1 | AQV4: -4700.7 | AQW4: 40 | AQX4: 42312.1 | AQY4: 0 | AQZ4: 46.5 | ARA4: 1361.3 | ARB4: 86.2 | ARC4: 307.6 | ARD4: 355.5 | ARE4: 0 | ARF4: 4022.8 | ARG4: 1089.9 | ARH4: 214.9 | ARI4: 4924.9 | ARJ4: 649 | ARK4: 0.2 | ARL4: 0 | ARM4: 0 | ARN4: 3.3 | ARO4: -1721.2 | ARP4: -8040.9 | ARQ4: 46.5 | ARR4: 41555.7 | ARS4: 0 | ART4: 30.9 | ARU4: 1532.2 | ARV4: 43.3 | ARW4: 355.4 | ARX4: 396.6 | ARY4: 0 | ARZ4: 3714 | ASA4: 1123 | ASB4: 272.7 | ASC4: 4766.3 | ASD4: 704.1 | ASE4: 0 | ASF4: 0 | ASG4: 0 | ASH4: 11.6 | ASI4: -1280.2 | ASJ4: -9509.7 | ASK4: 78.9 | AZJ4: 0 | AZK4: 0 | AZL4: 1621.4 | AZM4: 9897.2 | AZN4: 95.6 | AZO4: 589.9 | AZP4: 39.7 | AZQ4: 653.7 | AZR4: 2848.7 | AZS4: 433.8 | AZT4: 20.7 | AZU4: 2178.5 | AZV4: 0 | AZW4: 0 | AZX4: 0 | AZY4: 0 | AZZ4: 2244.1 | BAA4: -813.5 | BAB4: 4624.6 | BAC4: 41.3 | BAD4: 0 | BAE4: 0 | BAF4: 1259.9 | BAG4: 9933.3 | BAH4: 88.2 | BAI4: 656.8 | BAJ4: 33.9 | BAK4: 648 | BAL4: 3026.5 | BAM4: 322.6 | BAN4: 24.3 | BAO4: 2072.8 | BAP4: 0 | BAQ4: 0 | BAR4: 0 | BAS4: 0 | BAT4: 1666 | BAU4: -792.1 | BAV4: 3963.2 | BAW4: 29 | BAX4: 0 | BAY4: 0 | BAZ4: 1374.4 | BBA4: 9931.7 | BBB4: 166.4 | BBC4: 693.1 | BBD4: 34.2 | BBE4: 634.1 | BBF4: 2913.2 | BBG4: 362.6 | BBH4: 31.5 | BBI4: 2304.9 | BBJ4: 0 | BBK4: 0 | BBL4: 0 | BBM4: 0 | BBN4: 1613.1 | BBO4: -868 | BBP4: 5169 | BBQ4: 102.9 | BBR4: 0 | BBS4: 0 | BBT4: 2299.2 | BBU4: 10082.3 | BBV4: 256.6 | BBW4: 633.3 | BBX4: 33.4 | BBY4: 625.2 | BBZ4: 1765.6 | BCA4: 133.4 | BCB4: 11.4 | BCC4: 2270.6 | BCD4: 1.8 | BCE4: 0 | BCF4: 0 | BCG4: 0 | BCH4: 1744.6 | BCI4: -849.4 | BCJ4: 5365.1 | BCK4: 255.5 | BCL4: 0 | BCM4: 0 | BCN4: 1316.3 | BCO4: 8148.8 | BCP4: 155.9 | BCQ4: 487.2 | BCR4: 255.2 | BCS4: 613.7 | BCT4: 2707.6 | BCU4: 313 | BCV4: 60.8 | BCW4: 2527.2 | BCX4: 5.1 | BCY4: 0.1 | BCZ4: 0 | BDA4: 0 | BDB4: 1494.5 | BDC4: -513.2 | BDD4: 5794.1 | BDE4: 107.9 | BDF4: 0 | BDG4: 0 | BDH4: 391.1 | BDI4: 7585.8 | BDJ4: 118.4 | BDK4: 593.7 | BDL4: 332.2 | BDM4: 549.9 | BDN4: 3744 | BDO4: 452.4 | BDP4: 193.1 | BDQ4: 2389.4 | BDR4: 4.9 | BDS4: 0.8 | BDT4: 0 | BDU4: 0 | BDV4: 1372.4 | BDW4: -337.1 | BDX4: 5485.3 | BDY4: 92.3 | BDZ4: 0 | BEA4: 0 | BEB4: 352.2 | BEC4: 8858.4 | BED4: 62.9 | BEE4: 699.3 | BEF4: 4.9 | BEG4: 151.7 | BEH4: 2503.5 | BEI4: 299.9 | BEJ4: 80.4 | BEK4: 2401.6 | BEL4: 4.4 | BEM4: 0.2 | BEN4: 0 | BEO4: 3.6 | BEP4: 1596.4 | BEQ4: -158.9 | BER4: 4403.5 | BES4: 104.1 | BET4: 0 | BEU4: 0 | BEV4: 260.9 | BEW4: 11036.2 | BEX4: 78.3 | BEY4: 509.2 | BEZ4: 1.5 | BFA4: 513.2 | BFB4: 2247.8 | BFC4: 276.5 | BFD4: 61.4 | BFE4: 2455.8 | BFF4: 4.5 | BFG4: 0 | BFH4: 0 | BFI4: 0 | BFJ4: 1726.5 | BFK4: -27.1 | BFL4: 4718.1 | BFM4: 140.6
A5: 3 | B5: 8069.5 | C5: 10965.6 | D5: 4240.3 | E5: 5632.9 | F5: 448.5 | G5: 4447.7 | H5: 691.8 | I5: 22.9 | J5: 1664 | K5: 149.7 | L5: 146.6 | M5: 11542.3 | N5: 2856.6 | O5: 40.8 | P5: 0 | Q5: 153.8 | R5: 369.4 | S5: -2656.5 | T5: -604.9 | U5: 29.2 | V5: 6923.7 | W5: 8575.3 | X5: 3023.2 | Y5: 6717.1 | Z5: 417.3 | AA5: 4474.6 | AB5: 685 | AC5: 24 | AD5: 1644 | AE5: 114.6 | AF5: 1346.9 | AG5: 11895.2 | AH5: 3000.2 | AI5: 42.7 | AJ5: 0 | AK5: 158.1 | AL5: 343.8 | AM5: -1766 | AN5: -82.3 | AO5: 22.7 | AP5: 7472.7 | AQ5: 10779 | AR5: 5097.8 | AS5: 5830.4 | AT5: 355.9 | AU5: 4258.1 | AV5: 802.9 | AW5: 25.4 | AX5: 1521.8 | AY5: 123.9 | AZ5: 170.3 | BA5: 10327.7 | BB5: 2706.9 | BC5: 53 | BD5: 0 | BE5: 138.7 | BF5: 324.3 | BG5: -2336.6 | BH5: -1062.3 | BI5: 75.5 | BJ5: 3764.8 | BK5: 11647.9 | BL5: 6727.9 | BM5: 4515 | BN5: 295 | BO5: 4172.8 | BP5: 736.3 | BQ5: 25 | BR5: 1286.6 | BS5: 113.3 | BT5: 205.3 | BU5: 11583.3 | BV5: 2847.3 | BW5: 61.5 | BX5: 0 | BY5: 122.7 | BZ5: 256.1 | CA5: -2481 | CB5: -1623.2 | CC5: 201.6 | CD5: 770.5 | CE5: 8566.3 | CF5: 3777.4 | CG5: 5618.6 | CH5: 344.3 | CI5: 4121.2 | CJ5: 762.3 | CK5: 23.2 | CL5: 1529.2 | CM5: 119.9 | CN5: 229.9 | CO5: 13789.8 | CP5: 2740.4 | CQ5: 70.8 | CR5: 0 | CS5: 114.2 | CT5: 198.5 | CU5: -2287.9 | CV5: 1539.9 | CW5: 80.8 | CX5: 0 | CY5: 7931.3 | CZ5: 2680.7 | DA5: 6260.9 | DB5: 349.6 | DC5: 3994.7 | DD5: 750.1 | DE5: 25.8 | DF5: 1759.9 | DG5: 171.4 | DH5: 288.3 | DI5: 13182.8 | DJ5: 3009.3 | DK5: 78.2 | DL5: 0 | DM5: 96.1 | DN5: 162.8 | DO5: -2026.9 | DP5: 2654.1 | DQ5: 68.4 | DR5: 0 | DS5: 7807.3 | DT5: 3081.7 | DU5: 6886.8 | DV5: 307.9 | DW5: 4007.1 | DX5: 652.4 | DY5: 27.1 | DZ5: 1435.1 | EA5: 98 | EB5: 317.8 | EC5: 12715.7 | ED5: 3099.2 | EE5: 99.4 | EF5: 0 | EG5: 83.6 | EH5: 201.8 | EI5: -1673.9 | EJ5: 3674.5 | EK5: 84.7 | EL5: 0 | EM5: 8067.4 | EN5: 3680.3 | EO5: 6839.9 | EP5: 294.5 | EQ5: 3926.2 | ER5: 752.9 | ES5: 24 | ET5: 1266.7 | EU5: 78.7 | EV5: 370.6 | EW5: 12592.8 | EX5: 3340.6 | EY5: 136.8 | EZ5: 0 | FA5: 75.3 | FB5: 200.7 | FC5: -1056.2 | FD5: 2731 | FE5: 115.8 | MD5: 6372.7 | ME5: 49.5 | MF5: 1013.8 | MG5: 7083.6 | MH5: 226.5 | MI5: 329.8 | MJ5: 287.6 | MK5: 0 | ML5: 909.6 | MM5: 1107.3 | MN5: 0 | MO5: 5744.7 | MP5: 0 | MQ5: 151.6 | MR5: 0 | MS5: 93.8 | MT5: 42.3 | MU5: -1009.4 | MV5: 56.1 | MW5: 41 | MX5: 6348.6 | MY5: 0 | MZ5: 526.2 | NA5: 6055.9 | NB5: 186.3 | NC5: 435.3 | ND5: 262.8 | NE5: 0 | NF5: 1061.8 | NG5: 1367.2 | NH5: 0 | NI5: 5947.6 | NJ5: 0 | NK5: 121.3 | NL5: 0 | NM5: 97.7 | NN5: 47.3 | NO5: -1273.2 | NP5: 221.6 | NQ5: 27.9 | NR5: 6186 | NS5: 0 | NT5: 535.4 | NU5: 6203 | NV5: 140.1 | NW5: 475.4 | NX5: 284 | NY5: 0 | NZ5: 911.1 | OA5: 1738.8 | OB5: 0 | OC5: 6542.9 | OD5: 0 | OE5: 134 | OF5: 0 | OG5: 96.4 | OH5: 52.1 | OI5: -1060.3 | OJ5: 96.3 | OK5: 97.2 | OL5: 6414.6 | OM5: 0 | ON5: 866.3 | OO5: 8043.2 | OP5: 124.5 | OQ5: 463.1 | OR5: 260.8 | OS5: 0 | OT5: 723.4 | OU5: 901.7 | OV5: 10.8 | OW5: 6636.3 | OX5: 0 | OY5: 125.7 | OZ5: 0 | PA5: 92.7 | PB5: 28.3 | PC5: -1215.8 | PD5: -1843.8 | PE5: 151.8 | PF5: 6202.8 | PG5: 0 | PH5: 395.7 | PI5: 5974.8 | PJ5: 48.1 | PK5: 355.7 | PL5: 252.4 | PM5: 0 | PN5: 796.9 | PO5: 1446 | PP5: 332.2 | PQ5: 6847.6 | PR5: 0 | PS5: 171.3 | PT5: 0 | PU5: 77.3 | PV5: 10.2 | PW5: -1171.5 | PX5: 89.6 | PY5: 81 | PZ5: 5962.6 | QA5: 0 | QB5: 292 | QC5: 4584 | QD5: 34.9 | QE5: 398.1 | QF5: 214.7 | QG5: 0 | QH5: 987.4 | QI5: 2325.3 | QJ5: 630.4 | QK5: 6800.8 | QL5: 0 | QM5: 193.1 | QN5: 0 | QO5: 73.4 | QP5: 21.3 | QQ5: -947.2 | QR5: 548.5 | QS5: 60.5 | QT5: 5931.6 | QU5: 0 | QV5: 127.7 | QW5: 5460.7 | QX5: 26.7 | QY5: 434.2 | QZ5: 190.5 | RA5: 0 | RB5: 954.3 | RC5: 2265.9 | RD5: 844.3 | RE5: 6566.1 | RF5: 0 | RG5: 203.9 | RH5: 0 | RI5: 69.8 | RJ5: 6.5 | RK5: -830.3 | RL5: -397.3 | RM5: 65 | RN5: 6122.5 | RO5: 0 | RP5: 36.3 | RQ5: 5908.9 | RR5: 19.8 | RS5: 420.5 | RT5: 205.6 | RU5: 0 | RV5: 936.1 | RW5: 2327.6 | RX5: 1195.4 | RY5: 5990.7 | RZ5: 0 | SA5: 214.2 | SB5: 0 | SC5: 64.9 | SD5: 9.7 | SE5: -620.1 | SF5: 101.2 | SG5: 95 | ZF5: 0 | ZG5: 0 | ZH5: 459.8 | ZI5: 1183.2 | ZJ5: 0 | ZK5: 310 | ZL5: 0 | ZM5: 0 | ZN5: 260 | ZO5: 79.3 | ZP5: 53 | ZQ5: 1677.8 | ZR5: 0 | ZS5: 0 | ZT5: 0 | ZU5: 0 | ZV5: 42.5 | ZW5: -667.9 | ZX5: 1154.6 | ZY5: 41.3 | ZZ5: 0 | AAA5: 0 | AAB5: 211 | AAC5: 1321.7 | AAD5: 0 | AAE5: 372 | AAF5: 0 | AAG5: 0 | AAH5: 406.6 | AAI5: 163.6 | AAJ5: 28.4 | AAK5: 1477.6 | AAL5: 4.5 | AAM5: 0 | AAN5: 0 | AAO5: 0 | AAP5: 27.8 | AAQ5: -606.7 | AAR5: 988.2 | AAS5: 28 | AAT5: 0 | AAU5: 0 | AAV5: 55.4 | AAW5: 1322 | AAX5: 0 | AAY5: 392.2 | AAZ5: 0 | ABA5: 0 | ABB5: 494.3 | ABC5: 149.3 | ABD5: 84.7 | ABE5: 1625 | ABF5: 5.4 | ABG5: 0 | ABH5: 0 | ABI5: 0 | ABJ5: 26.3 | ABK5: -481.8 | ABL5: 773.9 | ABM5: 97.4 | ABN5: 0 | ABO5: 0 | ABP5: 0 | ABQ5: 1677 | ABR5: 0 | ABS5: 379.3 | ABT5: 0 | ABU5: 0 | ABV5: 243.1 | ABW5: 84.6 | ABX5: 92.5 | ABY5: 1588.4 | ABZ5: 8.5 | ACA5: 0 | ACB5: 0 | ACC5: 0 | ACD5: 21.9 | ACE5: -568.2 | ACF5: 995 | ACG5: 152 | ACH5: 0 | ACI5: 0 | ACJ5: 0 | ACK5: 1051.3 | ACL5: 0 | ACM5: 332.1 | ACN5: 0 | ACO5: 0 | ACP5: 521.8 | ACQ5: 255.3 | ACR5: 197.5 | ACS5: 1589.2 | ACT5: 8.6 | ACU5: 0 | ACV5: 0 | ACW5: 0 | ACX5: 21.8 | ACY5: -542.7 | ACZ5: 1144.8 | ADA5: 81.1 | ADB5: 0 | ADC5: 0 | ADD5: 0 | ADE5: 455 | ADF5: 0 | ADG5: 361.7 | ADH5: 0 | ADI5: 0 | ADJ5: 772.4 | ADK5: 330.7 | ADL5: 452.4 | ADM5: 1748 | ADN5: 9.9 | ADO5: 0 | ADP5: 0 | ADQ5: 0 | ADR5: 27.7 | ADS5: -552.9 | ADT5: 1051.9 | ADU5: 60.8 | ADV5: 0 | ADW5: 0 | ADX5: 0 | ADY5: 807.9 | ADZ5: 0 | AEA5: 319.7 | AEB5: 0 | AEC5: 0 | AED5: 910.9 | AEE5: 297.5 | AEF5: 413.6 | AEG5: 1657.2 | AEH5: 7.1 | AEI5: 0.1 | AEJ5: 0 | AEK5: 0 | AEL5: 25 | AEM5: -468.9 | AEN5: 840.6 | AEO5: 65.2 | AEP5: 0 | AEQ5: 0 | AER5: 0 | AES5: 771.5 | AET5: 0 | AEU5: 302.2 | AEV5: 0 | AEW5: 0 | AEX5: 734.6 | AEY5: 304.3 | AEZ5: 805.3 | AFA5: 1520.8 | AFB5: 8 | AFC5: 6.2 | AFD5: 0 | AFE5: 0 | AFF5: 25.4 | AFG5: -248.5 | AFH5: 686.7 | AFI5: 94.9 | AMH5: 42097.3 | AMI5: 0 | AMJ5: 146 | AMK5: 3538.2 | AML5: 173.1 | AMM5: 350.8 | AMN5: 200.9 | AMO5: 0 | AMP5: 3999.4 | AMQ5: 776.9 | AMR5: 2.3 | AMS5: 3734.4 | AMT5: 0 | AMU5: 26.8 | AMV5: 0 | AMW5: 0 | AMX5: 0 | AMY5: -2056.6 | AMZ5: -8176.5 | ANA5: 28.7 | ANB5: 37147.7 | ANC5: 0 | AND5: 126.5 | ANE5: 3257.8 | ANF5: 165 | ANG5: 332.8 | ANH5: 196.2 | ANI5: 0 | ANJ5: 4117 | ANK5: 1215.4 | ANL5: 21.3 | ANM5: 4277.6 | ANN5: 0 | ANO5: 31.6 | ANP5: 0 | ANQ5: 0 | ANR5: 0 | ANS5: -1833.3 | ANT5: -6687.8 | ANU5: 22.6 | ANV5: 40600.9 | ANW5: 0 | ANX5: 395.1 | ANY5: 2946.7 | ANZ5: 171 | AOA5: 357 | AOB5: 200.4 | AOC5: 0 | AOD5: 4143.2 | AOE5: 1009.8 | AOF5: 2.3 | AOG5: 3908 | AOH5: 0 | AOI5: 26.3 | AOJ5: 0 | AOK5: 0 | AOL5: 0 | AOM5: -1753 | AON5: -6504 | AOO5: 82.9 | AOP5: 31362.9 | AOQ5: 0 | AOR5: 292 | AOS5: 4268 | AOT5: 178.8 | AOU5: 403.1 | AOV5: 163.9 | AOW5: 0 | AOX5: 3299.2 | AOY5: 449.2 | AOZ5: 6.1 | APA5: 4164.8 | APB5: 0 | APC5: 38.8 | APD5: 0 | APE5: 0 | APF5: 0 | APG5: -2089.1 | APH5: 364 | API5: 223 | APJ5: 35819.8 | APK5: 0 | APL5: 86 | APM5: 2742.6 | APN5: 182.4 | APO5: 370.5 | APP5: 98.8 | APQ5: 0 | APR5: 3897 | APS5: 913.3 | APT5: 64 | APU5: 5185.4 | APV5: 131 | APW5: 19.9 | APX5: 0 | APY5: 0 | APZ5: 0 | AQA5: -1281.7 | AQB5: -3326 | AQC5: 76.7 | AQD5: 40598.8 | AQE5: 0 | AQF5: 52.4 | AQG5: 1552.8 | AQH5: 135 | AQI5: 353.5 | AQJ5: 212.9 | AQK5: 0 | AQL5: 4929.6 | AQM5: 1469.6 | AQN5: 72.9 | AQO5: 4732 | AQP5: 451.6 | AQQ5: 22.2 | AQR5: 0 | AQS5: 0 | AQT5: 0 | AQU5: -1440.1 | AQV5: -4728.2 | AQW5: 42.2 | AQX5: 42395.5 | AQY5: 0 | AQZ5: 48.4 | ARA5: 1387.2 | ARB5: 86.5 | ARC5: 307.3 | ARD5: 354.5 | ARE5: 0 | ARF5: 4030.9 | ARG5: 1094.5 | ARH5: 239.6 | ARI5: 4887.7 | ARJ5: 641.5 | ARK5: 22.5 | ARL5: 0 | ARM5: 0 | ARN5: 3.8 | ARO5: -1599 | ARP5: -8055.6 | ARQ5: 47.6 | ARR5: 41601.8 | ARS5: 0 | ART5: 30 | ARU5: 1588.6 | ARV5: 43.8 | ARW5: 355.3 | ARX5: 395.4 | ARY5: 0 | ARZ5: 3739.6 | ASA5: 1175.9 | ASB5: 322.5 | ASC5: 4680.8 | ASD5: 686 | ASE5: 22.4 | ASF5: 0 | ASG5: 0 | ASH5: 15.2 | ASI5: -1143.3 | ASJ5: -9523.2 | ASK5: 83 | AZJ5: 0 | AZK5: 0 | AZL5: 1667 | AZM5: 10355.4 | AZN5: 94.3 | AZO5: 590.1 | AZP5: 39.3 | AZQ5: 653.5 | AZR5: 2923.1 | AZS5: 465.6 | AZT5: 26.6 | AZU5: 2161.9 | AZV5: 0 | AZW5: 0.9 | AZX5: 0 | AZY5: 0 | AZZ5: 2333.2 | BAA5: -757.1 | BAB5: 4489.7 | BAC5: 42.4 | BAD5: 0 | BAE5: 0 | BAF5: 1268.3 | BAG5: 10371.3 | BAH5: 87.4 | BAI5: 657.8 | BAJ5: 33.9 | BAK5: 647.9 | BAL5: 3119 | BAM5: 351.7 | BAN5: 40.8 | BAO5: 2049.3 | BAP5: 0 | BAQ5: 1.3 | BAR5: 0 | BAS5: 0 | BAT5: 1714.4 | BAU5: -759.2 | BAV5: 3842.6 | BAW5: 30 | BAX5: 0 | BAY5: 0 | BAZ5: 1384.1 | BBA5: 10441.4 | BBB5: 167.4 | BBC5: 693 | BBD5: 34.1 | BBE5: 634 | BBF5: 2994.6 | BBG5: 384.7 | BBH5: 41.3 | BBI5: 2283.2 | BBJ5: 0 | BBK5: 1.8 | BBL5: 0 | BBM5: 0 | BBN5: 1669.5 | BBO5: -797.8 | BBP5: 5091.8 | BBQ5: 105.1 | BBR5: 0 | BBS5: 0 | BBT5: 2324.8 | BBU5: 10541.1 | BBV5: 257.6 | BBW5: 631.7 | BBX5: 33.3 | BBY5: 624.7 | BBZ5: 1803.4 | BCA5: 145.3 | BCB5: 19.7 | BCC5: 2242.5 | BCD5: 1.7 | BCE5: 2 | BCF5: 0 | BCG5: 0 | BCH5: 1791.5 | BCI5: -672.2 | BCJ5: 5252 | BCK5: 261 | BCL5: 0 | BCM5: 0 | BCN5: 1332.5 | BCO5: 8579 | BCP5: 155.5 | BCQ5: 488 | BCR5: 254.6 | BCS5: 613.6 | BCT5: 2782.1 | BCU5: 325.3 | BCV5: 84.3 | BCW5: 2506.5 | BCX5: 5.1 | BCY5: 1.9 | BCZ5: 0 | BDA5: 0 | BDB5: 1552.8 | BDC5: -392.2 | BDD5: 5718.1 | BDE5: 110.3 | BDF5: 0 | BDG5: 0 | BDH5: 392.9 | BDI5: 7987.7 | BDJ5: 118.6 | BDK5: 592.5 | BDL5: 331.4 | BDM5: 550 | BDN5: 3863.1 | BDO5: 469.9 | BDP5: 231.8 | BDQ5: 2378.5 | BDR5: 5.1 | BDS5: 4.5 | BDT5: 0 | BDU5: 0 | BDV5: 1434.8 | BDW5: -285.6 | BDX5: 5425.6 | BDY5: 94.4 | BDZ5: 0 | BEA5: 0 | BEB5: 355.6 | BEC5: 9315.1 | BED5: 63.2 | BEE5: 698.2 | BEF5: 5 | BEG5: 151.7 | BEH5: 2571.1 | BEI5: 330.2 | BEJ5: 80.4 | BEK5: 2389.3 | BEL5: 4.3 | BEM5: 6.9 | BEN5: 0 | BEO5: 8.4 | BEP5: 1615.2 | BEQ5: -122.6 | BER5: 4276.9 | BES5: 106.3 | BET5: 0 | BEU5: 0 | BEV5: 263.2 | BEW5: 11338.5 | BEX5: 78.8 | BEY5: 507.1 | BEZ5: 1.4 | BFA5: 512.8 | BFB5: 2304 | BFC5: 308.8 | BFD5: 69.8 | BFE5: 2449.6 | BFF5: 4.4 | BFG5: 8.8 | BFH5: 0 | BFI5: 0 | BFJ5: 1756.5 | BFK5: -20 | BFL5: 4622.4 | BFM5: 143.7
